{
  "type": "FeatureCollection",
  "features": [
    {
      "type": "Feature",
      "geometry": {
        "type": "LineString",
        "coordinates": [
          [
            42.74045944213867,
            -73.49192810058594
          ],
          [
            42.736656188964844,
            -73.4857406616211
          ]
        ]
      },
      "properties": {
        "point_id": 0,
        "inlier": true,
        "score": 0.999315083026886
      }
    },
    {
      "type": "Feature",
      "geometry": {
        "type": "LineString",
        "coordinates": [
          [
            42.7807731628418,
            -73.48116302490234
          ],
          [
            42.772457122802734,
            -73.47686004638672
          ]
        ]
      },
      "properties": {
        "point_id": 1,
        "inlier": false,
        "score": 0.7410387396812439
      }
    },
    {
      "type": "Feature",
      "geometry": {
        "type": "LineString",
        "coordinates": [
          [
            42.77969741821289,
            -73.5111083984375
          ],
          [
            42.76648712158203,
            -73.50054168701172
          ]
        ]
      },
      "properties": {
        "point_id": 2,
        "inlier": true,
        "score": 0.5881944298744202
      }
    },
    {
      "type": "Feature",
      "geometry": {
        "type": "LineString",
        "coordinates": [
          [
            42.715118408203125,
            -73.49906921386719
          ],
          [
            42.71394348144531,
            -73.49163055419922
          ]
        ]
      },
      "properties": {
        "point_id": 3,
        "inlier": true,
        "score": 0.9963808655738831
      }
    },
    {
      "type": "Feature",
      "geometry": {
        "type": "LineString",
        "coordinates": [
          [
            42.73674011230469,
            -73.47264862060547
          ],
          [
            42.73537063598633,
            -73.46942138671875
          ]
        ]
      },
      "properties": {
        "point_id": 4,
        "inlier": true,
        "score": 0.8848804235458374
      }
    },
    {
      "type": "Feature",
      "geometry": {
        "type": "LineString",
        "coordinates": [
          [
            42.74887466430664,
            -73.53087615966797
          ],
          [
            42.739383697509766,
            -73.51502227783203
          ]
        ]
      },
      "properties": {
        "point_id": 5,
        "inlier": true,
        "score": 0.6665384769439697
      }
    },
    {
      "type": "Feature",
      "geometry": {
        "type": "LineString",
        "coordinates": [
          [
            42.73625183105469,
            -73.46981048583984
          ],
          [
            42.73527526855469,
            -73.46697235107422
          ]
        ]
      },
      "properties": {
        "point_id": 6,
        "inlier": true,
        "score": 0.7462254166603088
      }
    },
    {
      "type": "Feature",
      "geometry": {
        "type": "LineString",
        "coordinates": [
          [
            42.72187042236328,
            -73.48439025878906
          ],
          [
            42.72108840942383,
            -73.47959899902344
          ]
        ]
      },
      "properties": {
        "point_id": 7,
        "inlier": true,
        "score": 0.9943995475769043
      }
    },
    {
      "type": "Feature",
      "geometry": {
        "type": "LineString",
        "coordinates": [
          [
            42.739871978759766,
            -73.48987579345703
          ],
          [
            42.73643112182617,
            -73.4842529296875
          ]
        ]
      },
      "properties": {
        "point_id": 8,
        "inlier": true,
        "score": 0.8583762645721436
      }
    },
    {
      "type": "Feature",
      "geometry": {
        "type": "LineString",
        "coordinates": [
          [
            42.71100997924805,
            -73.48664093017578
          ],
          [
            42.71100997924805,
            -73.48126220703125
          ]
        ]
      },
      "properties": {
        "point_id": 9,
        "inlier": true,
        "score": 0.9966413974761963
      }
    },
    {
      "type": "Feature",
      "geometry": {
        "type": "LineString",
        "coordinates": [
          [
            42.742515563964844,
            -73.49114227294922
          ],
          [
            42.73858642578125,
            -73.48521423339844
          ]
        ]
      },
      "properties": {
        "point_id": 10,
        "inlier": true,
        "score": 0.994618833065033
      }
    },
    {
      "type": "Feature",
      "geometry": {
        "type": "LineString",
        "coordinates": [
          [
            42.718544006347656,
            -73.49691772460938
          ],
          [
            42.71705627441406,
            -73.48991394042969
          ]
        ]
      },
      "properties": {
        "point_id": 11,
        "inlier": true,
        "score": 0.8953446745872498
      }
    },
    {
      "type": "Feature",
      "geometry": {
        "type": "LineString",
        "coordinates": [
          [
            42.79270935058594,
            -73.52842712402344
          ],
          [
            42.77402114868164,
            -73.5125732421875
          ]
        ]
      },
      "properties": {
        "point_id": 12,
        "inlier": true,
        "score": 0.24186846613883972
      }
    },
    {
      "type": "Feature",
      "geometry": {
        "type": "LineString",
        "coordinates": [
          [
            42.767173767089844,
            -73.4764633178711
          ],
          [
            42.76169204711914,
            -73.47303771972656
          ]
        ]
      },
      "properties": {
        "point_id": 13,
        "inlier": true,
        "score": 0.9926084876060486
      }
    },
    {
      "type": "Feature",
      "geometry": {
        "type": "LineString",
        "coordinates": [
          [
            42.764923095703125,
            -73.48146057128906
          ],
          [
            42.759151458740234,
            -73.47746276855469
          ]
        ]
      },
      "properties": {
        "point_id": 14,
        "inlier": true,
        "score": 0.36493027210235596
      }
    },
    {
      "type": "Feature",
      "geometry": {
        "type": "LineString",
        "coordinates": [
          [
            42.76169204711914,
            -73.53018951416016
          ],
          [
            42.749671936035156,
            -73.5142593383789
          ]
        ]
      },
      "properties": {
        "point_id": 15,
        "inlier": true,
        "score": 0.7251039147377014
      }
    },
    {
      "type": "Feature",
      "geometry": {
        "type": "LineString",
        "coordinates": [
          [
            42.74887466430664,
            -73.4740219116211
          ],
          [
            42.746036529541016,
            -73.47069549560547
          ]
        ]
      },
      "properties": {
        "point_id": 16,
        "inlier": true,
        "score": 0.8015742301940918
      }
    },
    {
      "type": "Feature",
      "geometry": {
        "type": "LineString",
        "coordinates": [
          [
            42.717369079589844,
            -73.4988784790039
          ],
          [
            42.71590042114258,
            -73.49134063720703
          ]
        ]
      },
      "properties": {
        "point_id": 17,
        "inlier": true,
        "score": 0.9977110624313354
      }
    },
    {
      "type": "Feature",
      "geometry": {
        "type": "LineString",
        "coordinates": [
          [
            42.71590042114258,
            -73.49652862548828
          ],
          [
            42.7147216796875,
            -73.48955535888672
          ]
        ]
      },
      "properties": {
        "point_id": 18,
        "inlier": true,
        "score": 0.9018028974533081
      }
    },
    {
      "type": "Feature",
      "geometry": {
        "type": "LineString",
        "coordinates": [
          [
            42.7182502746582,
            -73.51815032958984
          ],
          [
            42.71541213989258,
            -73.50630950927734
          ]
        ]
      },
      "properties": {
        "point_id": 19,
        "inlier": true,
        "score": 0.6708366274833679
      }
    },
    {
      "type": "Feature",
      "geometry": {
        "type": "LineString",
        "coordinates": [
          [
            42.71913146972656,
            -73.47431182861328
          ],
          [
            42.719032287597656,
            -73.47049713134766
          ]
        ]
      },
      "properties": {
        "point_id": 20,
        "inlier": true,
        "score": 0.5701851844787598
      }
    },
    {
      "type": "Feature",
      "geometry": {
        "type": "LineString",
        "coordinates": [
          [
            42.7695198059082,
            -73.4628677368164
          ],
          [
            42.76658630371094,
            -73.46080780029297
          ]
        ]
      },
      "properties": {
        "point_id": 21,
        "inlier": false,
        "score": 0.4308280944824219
      }
    },
    {
      "type": "Feature",
      "geometry": {
        "type": "LineString",
        "coordinates": [
          [
            42.74535369873047,
            -73.45767974853516
          ],
          [
            42.745059967041016,
            -73.45581817626953
          ]
        ]
      },
      "properties": {
        "point_id": 22,
        "inlier": true,
        "score": 0.9151971936225891
      }
    },
    {
      "type": "Feature",
      "geometry": {
        "type": "LineString",
        "coordinates": [
          [
            42.76805114746094,
            -73.45170593261719
          ],
          [
            42.76688003540039,
            -73.45072937011719
          ]
        ]
      },
      "properties": {
        "point_id": 23,
        "inlier": true,
        "score": 0.8828038573265076
      }
    },
    {
      "type": "Feature",
      "geometry": {
        "type": "LineString",
        "coordinates": [
          [
            42.74447250366211,
            -73.47793579101562
          ],
          [
            42.741634368896484,
            -73.47412109375
          ]
        ]
      },
      "properties": {
        "point_id": 24,
        "inlier": true,
        "score": 0.8627933859825134
      }
    },
    {
      "type": "Feature",
      "geometry": {
        "type": "LineString",
        "coordinates": [
          [
            42.746429443359375,
            -73.45513153076172
          ],
          [
            42.74662399291992,
            -73.4534683227539
          ]
        ]
      },
      "properties": {
        "point_id": 25,
        "inlier": true,
        "score": 0.4043329060077667
      }
    },
    {
      "type": "Feature",
      "geometry": {
        "type": "LineString",
        "coordinates": [
          [
            42.75523376464844,
            -73.47225952148438
          ],
          [
            42.75189971923828,
            -73.4693603515625
          ]
        ]
      },
      "properties": {
        "point_id": 26,
        "inlier": true,
        "score": 0.9982098937034607
      }
    },
    {
      "type": "Feature",
      "geometry": {
        "type": "LineString",
        "coordinates": [
          [
            42.73703384399414,
            -73.4893798828125
          ],
          [
            42.734100341796875,
            -73.48351287841797
          ]
        ]
      },
      "properties": {
        "point_id": 27,
        "inlier": true,
        "score": 0.4360305368900299
      }
    },
    {
      "type": "Feature",
      "geometry": {
        "type": "LineString",
        "coordinates": [
          [
            42.70748519897461,
            -73.48918914794922
          ],
          [
            42.707584381103516,
            -73.48341369628906
          ]
        ]
      },
      "properties": {
        "point_id": 28,
        "inlier": true,
        "score": 0.8277954459190369
      }
    },
    {
      "type": "Feature",
      "geometry": {
        "type": "LineString",
        "coordinates": [
          [
            42.73781967163086,
            -73.4986801147461
          ],
          [
            42.73351287841797,
            -73.49114227294922
          ]
        ]
      },
      "properties": {
        "point_id": 29,
        "inlier": true,
        "score": 0.28704190254211426
      }
    },
    {
      "type": "Feature",
      "geometry": {
        "type": "LineString",
        "coordinates": [
          [
            42.780967712402344,
            -73.5136489868164
          ],
          [
            42.76707458496094,
            -73.5022964477539
          ]
        ]
      },
      "properties": {
        "point_id": 30,
        "inlier": true,
        "score": 0.626376211643219
      }
    },
    {
      "type": "Feature",
      "geometry": {
        "type": "LineString",
        "coordinates": [
          [
            42.77901077270508,
            -73.52666473388672
          ],
          [
            42.763648986816406,
            -73.5116958618164
          ]
        ]
      },
      "properties": {
        "point_id": 31,
        "inlier": true,
        "score": 0.7950916290283203
      }
    },
    {
      "type": "Feature",
      "geometry": {
        "type": "LineString",
        "coordinates": [
          [
            42.7048454284668,
            -73.45904541015625
          ],
          [
            42.70650863647461,
            -73.45640563964844
          ]
        ]
      },
      "properties": {
        "point_id": 32,
        "inlier": true,
        "score": 0.4862234592437744
      }
    },
    {
      "type": "Feature",
      "geometry": {
        "type": "LineString",
        "coordinates": [
          [
            42.71541213989258,
            -73.50543212890625
          ],
          [
            42.71355056762695,
            -73.49681854248047
          ]
        ]
      },
      "properties": {
        "point_id": 33,
        "inlier": false,
        "score": 0.640996515750885
      }
    },
    {
      "type": "Feature",
      "geometry": {
        "type": "LineString",
        "coordinates": [
          [
            42.79349136352539,
            -73.47705078125
          ],
          [
            42.78380584716797,
            -73.47392272949219
          ]
        ]
      },
      "properties": {
        "point_id": 34,
        "inlier": true,
        "score": 0.46731987595558167
      }
    },
    {
      "type": "Feature",
      "geometry": {
        "type": "LineString",
        "coordinates": [
          [
            42.74476623535156,
            -73.4873275756836
          ],
          [
            42.74094772338867,
            -73.48194885253906
          ]
        ]
      },
      "properties": {
        "point_id": 35,
        "inlier": true,
        "score": 0.5925205945968628
      }
    },
    {
      "type": "Feature",
      "geometry": {
        "type": "LineString",
        "coordinates": [
          [
            42.73820877075195,
            -73.49505615234375
          ],
          [
            42.73439407348633,
            -73.4884033203125
          ]
        ]
      },
      "properties": {
        "point_id": 36,
        "inlier": true,
        "score": 0.9985655546188354
      }
    },
    {
      "type": "Feature",
      "geometry": {
        "type": "LineString",
        "coordinates": [
          [
            42.706214904785156,
            -73.54173278808594
          ],
          [
            42.70435333251953,
            -73.52304077148438
          ]
        ]
      },
      "properties": {
        "point_id": 37,
        "inlier": true,
        "score": 0.5990623235702515
      }
    },
    {
      "type": "Feature",
      "geometry": {
        "type": "LineString",
        "coordinates": [
          [
            42.76873779296875,
            -73.48037719726562
          ],
          [
            42.76259231567383,
            -73.47643280029297
          ]
        ]
      },
      "properties": {
        "point_id": 38,
        "inlier": true,
        "score": 0.586510956287384
      }
    },
    {
      "type": "Feature",
      "geometry": {
        "type": "LineString",
        "coordinates": [
          [
            42.720401763916016,
            -73.49280548095703
          ],
          [
            42.71883773803711,
            -73.4864501953125
          ]
        ]
      },
      "properties": {
        "point_id": 39,
        "inlier": true,
        "score": 0.6863920092582703
      }
    },
    {
      "type": "Feature",
      "geometry": {
        "type": "LineString",
        "coordinates": [
          [
            42.75817108154297,
            -73.4998550415039
          ],
          [
            42.75043869018555,
            -73.49192810058594
          ]
        ]
      },
      "properties": {
        "point_id": 40,
        "inlier": false,
        "score": 0.4254468083381653
      }
    },
    {
      "type": "Feature",
      "geometry": {
        "type": "LineString",
        "coordinates": [
          [
            42.749267578125,
            -73.47686004638672
          ],
          [
            42.74620056152344,
            -73.47321319580078
          ]
        ]
      },
      "properties": {
        "point_id": 41,
        "inlier": true,
        "score": 0.731654703617096
      }
    },
    {
      "type": "Feature",
      "geometry": {
        "type": "LineString",
        "coordinates": [
          [
            42.7059211730957,
            -73.47949981689453
          ],
          [
            42.7064094543457,
            -73.4751968383789
          ]
        ]
      },
      "properties": {
        "point_id": 42,
        "inlier": true,
        "score": 0.35396429896354675
      }
    },
    {
      "type": "Feature",
      "geometry": {
        "type": "LineString",
        "coordinates": [
          [
            42.78243637084961,
            -73.49095153808594
          ],
          [
            42.77196502685547,
            -73.48507690429688
          ]
        ]
      },
      "properties": {
        "point_id": 43,
        "inlier": true,
        "score": 0.9482267498970032
      }
    },
    {
      "type": "Feature",
      "geometry": {
        "type": "LineString",
        "coordinates": [
          [
            42.771087646484375,
            -73.4628677368164
          ],
          [
            42.767757415771484,
            -73.4612045288086
          ]
        ]
      },
      "properties": {
        "point_id": 44,
        "inlier": true,
        "score": 0.9982638955116272
      }
    },
    {
      "type": "Feature",
      "geometry": {
        "type": "LineString",
        "coordinates": [
          [
            42.71932601928711,
            -73.47382354736328
          ],
          [
            42.71932601928711,
            -73.47000885009766
          ]
        ]
      },
      "properties": {
        "point_id": 45,
        "inlier": true,
        "score": 0.49877113103866577
      }
    },
    {
      "type": "Feature",
      "geometry": {
        "type": "LineString",
        "coordinates": [
          [
            42.742027282714844,
            -73.46129608154297
          ],
          [
            42.741615295410156,
            -73.45915985107422
          ]
        ]
      },
      "properties": {
        "point_id": 46,
        "inlier": true,
        "score": 0.678656280040741
      }
    },
    {
      "type": "Feature",
      "geometry": {
        "type": "LineString",
        "coordinates": [
          [
            42.777347564697266,
            -73.50904846191406
          ],
          [
            42.76482391357422,
            -73.4991683959961
          ]
        ]
      },
      "properties": {
        "point_id": 47,
        "inlier": true,
        "score": 0.3340173661708832
      }
    },
    {
      "type": "Feature",
      "geometry": {
        "type": "LineString",
        "coordinates": [
          [
            42.74995040893555,
            -73.53390502929688
          ],
          [
            42.74007034301758,
            -73.51697540283203
          ]
        ]
      },
      "properties": {
        "point_id": 48,
        "inlier": true,
        "score": 0.44726935029029846
      }
    },
    {
      "type": "Feature",
      "geometry": {
        "type": "LineString",
        "coordinates": [
          [
            42.74818801879883,
            -73.4621810913086
          ],
          [
            42.74695587158203,
            -73.45999908447266
          ]
        ]
      },
      "properties": {
        "point_id": 49,
        "inlier": true,
        "score": 0.6916934847831726
      }
    },
    {
      "type": "Feature",
      "geometry": {
        "type": "LineString",
        "coordinates": [
          [
            42.708072662353516,
            -73.52412414550781
          ],
          [
            42.70650863647461,
            -73.5105209350586
          ]
        ]
      },
      "properties": {
        "point_id": 50,
        "inlier": true,
        "score": 0.6735501885414124
      }
    },
    {
      "type": "Feature",
      "geometry": {
        "type": "LineString",
        "coordinates": [
          [
            42.74182891845703,
            -73.5120849609375
          ],
          [
            42.73556900024414,
            -73.501708984375
          ]
        ]
      },
      "properties": {
        "point_id": 51,
        "inlier": true,
        "score": 0.3093869388103485
      }
    },
    {
      "type": "Feature",
      "geometry": {
        "type": "LineString",
        "coordinates": [
          [
            42.77186965942383,
            -73.50817108154297
          ],
          [
            42.760616302490234,
            -73.49858093261719
          ]
        ]
      },
      "properties": {
        "point_id": 52,
        "inlier": true,
        "score": 0.6166853904724121
      }
    },
    {
      "type": "Feature",
      "geometry": {
        "type": "LineString",
        "coordinates": [
          [
            42.755821228027344,
            -73.50787353515625
          ],
          [
            42.74769973754883,
            -73.4981918334961
          ]
        ]
      },
      "properties": {
        "point_id": 53,
        "inlier": true,
        "score": 0.2830881178379059
      }
    },
    {
      "type": "Feature",
      "geometry": {
        "type": "LineString",
        "coordinates": [
          [
            42.789283752441406,
            -73.45445251464844
          ],
          [
            42.78517532348633,
            -73.45425415039062
          ]
        ]
      },
      "properties": {
        "point_id": 54,
        "inlier": false,
        "score": 0.34335771203041077
      }
    },
    {
      "type": "Feature",
      "geometry": {
        "type": "LineString",
        "coordinates": [
          [
            42.75376892089844,
            -73.47803497314453
          ],
          [
            42.74986267089844,
            -73.47413635253906
          ]
        ]
      },
      "properties": {
        "point_id": 55,
        "inlier": true,
        "score": 0.48204925656318665
      }
    },
    {
      "type": "Feature",
      "geometry": {
        "type": "LineString",
        "coordinates": [
          [
            42.708953857421875,
            -73.54339599609375
          ],
          [
            42.7068977355957,
            -73.52392578125
          ]
        ]
      },
      "properties": {
        "point_id": 56,
        "inlier": true,
        "score": 0.6521422863006592
      }
    },
    {
      "type": "Feature",
      "geometry": {
        "type": "LineString",
        "coordinates": [
          [
            42.781455993652344,
            -73.51394653320312
          ],
          [
            42.767269134521484,
            -73.50288391113281
          ]
        ]
      },
      "properties": {
        "point_id": 57,
        "inlier": false,
        "score": 0.5793745517730713
      }
    },
    {
      "type": "Feature",
      "geometry": {
        "type": "LineString",
        "coordinates": [
          [
            42.75856018066406,
            -73.49212646484375
          ],
          [
            42.75209045410156,
            -73.48597717285156
          ]
        ]
      },
      "properties": {
        "point_id": 58,
        "inlier": true,
        "score": 0.9889048933982849
      }
    },
    {
      "type": "Feature",
      "geometry": {
        "type": "LineString",
        "coordinates": [
          [
            42.75239562988281,
            -73.4643325805664
          ],
          [
            42.75104904174805,
            -73.46190643310547
          ]
        ]
      },
      "properties": {
        "point_id": 59,
        "inlier": false,
        "score": 0.35565200448036194
      }
    },
    {
      "type": "Feature",
      "geometry": {
        "type": "LineString",
        "coordinates": [
          [
            42.76991271972656,
            -73.45532989501953
          ],
          [
            42.76786804199219,
            -73.45428466796875
          ]
        ]
      },
      "properties": {
        "point_id": 60,
        "inlier": true,
        "score": 0.9959167242050171
      }
    },
    {
      "type": "Feature",
      "geometry": {
        "type": "LineString",
        "coordinates": [
          [
            42.761592864990234,
            -73.48556518554688
          ],
          [
            42.75543212890625,
            -73.48087310791016
          ]
        ]
      },
      "properties": {
        "point_id": 61,
        "inlier": true,
        "score": 0.43497103452682495
      }
    },
    {
      "type": "Feature",
      "geometry": {
        "type": "LineString",
        "coordinates": [
          [
            42.7369384765625,
            -73.48987579345703
          ],
          [
            42.733612060546875,
            -73.48410034179688
          ]
        ]
      },
      "properties": {
        "point_id": 62,
        "inlier": true,
        "score": 0.36604323983192444
      }
    },
    {
      "type": "Feature",
      "geometry": {
        "type": "LineString",
        "coordinates": [
          [
            42.79163360595703,
            -73.4991683959961
          ],
          [
            42.77812957763672,
            -73.49143981933594
          ]
        ]
      },
      "properties": {
        "point_id": 63,
        "inlier": true,
        "score": 0.6068418025970459
      }
    },
    {
      "type": "Feature",
      "geometry": {
        "type": "LineString",
        "coordinates": [
          [
            42.72940444946289,
            -73.49515533447266
          ],
          [
            42.72686004638672,
            -73.4885025024414
          ]
        ]
      },
      "properties": {
        "point_id": 64,
        "inlier": true,
        "score": 0.43470466136932373
      }
    },
    {
      "type": "Feature",
      "geometry": {
        "type": "LineString",
        "coordinates": [
          [
            42.783023834228516,
            -73.46629333496094
          ],
          [
            42.77754211425781,
            -73.46443176269531
          ]
        ]
      },
      "properties": {
        "point_id": 65,
        "inlier": true,
        "score": 0.9966183304786682
      }
    },
    {
      "type": "Feature",
      "geometry": {
        "type": "LineString",
        "coordinates": [
          [
            42.7059211730957,
            -73.54124450683594
          ],
          [
            42.704158782958984,
            -73.52255249023438
          ]
        ]
      },
      "properties": {
        "point_id": 66,
        "inlier": true,
        "score": 0.5196265578269958
      }
    },
    {
      "type": "Feature",
      "geometry": {
        "type": "LineString",
        "coordinates": [
          [
            42.72245788574219,
            -73.51873779296875
          ],
          [
            42.719032287597656,
            -73.50670623779297
          ]
        ]
      },
      "properties": {
        "point_id": 67,
        "inlier": true,
        "score": 0.9987391233444214
      }
    },
    {
      "type": "Feature",
      "geometry": {
        "type": "LineString",
        "coordinates": [
          [
            42.7374267578125,
            -73.499267578125
          ],
          [
            42.73320007324219,
            -73.49166870117188
          ]
        ]
      },
      "properties": {
        "point_id": 68,
        "inlier": true,
        "score": 0.8052881360054016
      }
    },
    {
      "type": "Feature",
      "geometry": {
        "type": "LineString",
        "coordinates": [
          [
            42.77578353881836,
            -73.46031951904297
          ],
          [
            42.77235794067383,
            -73.45885467529297
          ]
        ]
      },
      "properties": {
        "point_id": 69,
        "inlier": true,
        "score": 0.9969385862350464
      }
    },
    {
      "type": "Feature",
      "geometry": {
        "type": "LineString",
        "coordinates": [
          [
            42.777347564697266,
            -73.46834564208984
          ],
          [
            42.772064208984375,
            -73.46609497070312
          ]
        ]
      },
      "properties": {
        "point_id": 70,
        "inlier": true,
        "score": 0.9818558096885681
      }
    },
    {
      "type": "Feature",
      "geometry": {
        "type": "LineString",
        "coordinates": [
          [
            42.72020721435547,
            -73.45855712890625
          ],
          [
            42.721378326416016,
            -73.45601654052734
          ]
        ]
      },
      "properties": {
        "point_id": 71,
        "inlier": true,
        "score": 0.41223040223121643
      }
    },
    {
      "type": "Feature",
      "geometry": {
        "type": "LineString",
        "coordinates": [
          [
            42.783905029296875,
            -73.48272705078125
          ],
          [
            42.77490234375,
            -73.47852325439453
          ]
        ]
      },
      "properties": {
        "point_id": 72,
        "inlier": true,
        "score": 0.9895990490913391
      }
    },
    {
      "type": "Feature",
      "geometry": {
        "type": "LineString",
        "coordinates": [
          [
            42.77519607543945,
            -73.51903533935547
          ],
          [
            42.76179122924805,
            -73.50640106201172
          ]
        ]
      },
      "properties": {
        "point_id": 73,
        "inlier": true,
        "score": 0.241452157497406
      }
    },
    {
      "type": "Feature",
      "geometry": {
        "type": "LineString",
        "coordinates": [
          [
            42.740264892578125,
            -73.47705078125
          ],
          [
            42.73781967163086,
            -73.47343444824219
          ]
        ]
      },
      "properties": {
        "point_id": 74,
        "inlier": true,
        "score": 0.5848466753959656
      }
    },
    {
      "type": "Feature",
      "geometry": {
        "type": "LineString",
        "coordinates": [
          [
            42.7448616027832,
            -73.45767974853516
          ],
          [
            42.74462127685547,
            -73.45582580566406
          ]
        ]
      },
      "properties": {
        "point_id": 75,
        "inlier": true,
        "score": 0.3480346202850342
      }
    },
    {
      "type": "Feature",
      "geometry": {
        "type": "LineString",
        "coordinates": [
          [
            42.75523376464844,
            -73.5378189086914
          ],
          [
            42.74398422241211,
            -73.51922607421875
          ]
        ]
      },
      "properties": {
        "point_id": 76,
        "inlier": false,
        "score": 0.5661993026733398
      }
    },
    {
      "type": "Feature",
      "geometry": {
        "type": "LineString",
        "coordinates": [
          [
            42.72734832763672,
            -73.49545288085938
          ],
          [
            42.724998474121094,
            -73.4887924194336
          ]
        ]
      },
      "properties": {
        "point_id": 77,
        "inlier": true,
        "score": 0.9142383337020874
      }
    },
    {
      "type": "Feature",
      "geometry": {
        "type": "LineString",
        "coordinates": [
          [
            42.76511764526367,
            -73.5378189086914
          ],
          [
            42.75151824951172,
            -73.51932525634766
          ]
        ]
      },
      "properties": {
        "point_id": 78,
        "inlier": true,
        "score": 0.841681957244873
      }
    },
    {
      "type": "Feature",
      "geometry": {
        "type": "LineString",
        "coordinates": [
          [
            42.79319763183594,
            -73.52832794189453
          ],
          [
            42.77450942993164,
            -73.5124740600586
          ]
        ]
      },
      "properties": {
        "point_id": 79,
        "inlier": false,
        "score": 0.3119893968105316
      }
    },
    {
      "type": "Feature",
      "geometry": {
        "type": "LineString",
        "coordinates": [
          [
            42.783512115478516,
            -73.48458862304688
          ],
          [
            42.77421569824219,
            -73.48018646240234
          ]
        ]
      },
      "properties": {
        "point_id": 80,
        "inlier": true,
        "score": 0.9477599859237671
      }
    },
    {
      "type": "Feature",
      "geometry": {
        "type": "LineString",
        "coordinates": [
          [
            42.77450942993164,
            -73.47392272949219
          ],
          [
            42.768638610839844,
            -73.47108459472656
          ]
        ]
      },
      "properties": {
        "point_id": 81,
        "inlier": true,
        "score": 0.9995012879371643
      }
    },
    {
      "type": "Feature",
      "geometry": {
        "type": "LineString",
        "coordinates": [
          [
            42.71883773803711,
            -73.51707458496094
          ],
          [
            42.71591567993164,
            -73.50535583496094
          ]
        ]
      },
      "properties": {
        "point_id": 82,
        "inlier": true,
        "score": 0.3706836700439453
      }
    },
    {
      "type": "Feature",
      "geometry": {
        "type": "LineString",
        "coordinates": [
          [
            42.715606689453125,
            -73.45494079589844
          ],
          [
            42.717369079589844,
            -73.45259094238281
          ]
        ]
      },
      "properties": {
        "point_id": 83,
        "inlier": true,
        "score": 0.7825880646705627
      }
    },
    {
      "type": "Feature",
      "geometry": {
        "type": "LineString",
        "coordinates": [
          [
            42.739776611328125,
            -73.4626693725586
          ],
          [
            42.739383697509766,
            -73.46041870117188
          ]
        ]
      },
      "properties": {
        "point_id": 84,
        "inlier": true,
        "score": 0.4959479570388794
      }
    },
    {
      "type": "Feature",
      "geometry": {
        "type": "LineString",
        "coordinates": [
          [
            42.79349136352539,
            -73.46903228759766
          ],
          [
            42.78566360473633,
            -73.46697235107422
          ]
        ]
      },
      "properties": {
        "point_id": 85,
        "inlier": true,
        "score": 0.3176724314689636
      }
    },
    {
      "type": "Feature",
      "geometry": {
        "type": "LineString",
        "coordinates": [
          [
            42.78067398071289,
            -73.50768280029297
          ],
          [
            42.767879486083984,
            -73.4980239868164
          ]
        ]
      },
      "properties": {
        "point_id": 86,
        "inlier": true,
        "score": 0.8269755840301514
      }
    },
    {
      "type": "Feature",
      "geometry": {
        "type": "LineString",
        "coordinates": [
          [
            42.7433967590332,
            -73.45767974853516
          ],
          [
            42.7433967590332,
            -73.45601654052734
          ]
        ]
      },
      "properties": {
        "point_id": 87,
        "inlier": true,
        "score": 0.8427681922912598
      }
    },
    {
      "type": "Feature",
      "geometry": {
        "type": "LineString",
        "coordinates": [
          [
            42.79339599609375,
            -73.4775390625
          ],
          [
            42.78321838378906,
            -73.47441101074219
          ]
        ]
      },
      "properties": {
        "point_id": 88,
        "inlier": false,
        "score": 0.7991620898246765
      }
    },
    {
      "type": "Feature",
      "geometry": {
        "type": "LineString",
        "coordinates": [
          [
            42.741241455078125,
            -73.47098541259766
          ],
          [
            42.739871978759766,
            -73.46785736083984
          ]
        ]
      },
      "properties": {
        "point_id": 89,
        "inlier": true,
        "score": 0.61908358335495
      }
    },
    {
      "type": "Feature",
      "geometry": {
        "type": "LineString",
        "coordinates": [
          [
            42.783905029296875,
            -73.45591735839844
          ],
          [
            42.779991149902344,
            -73.45513153076172
          ]
        ]
      },
      "properties": {
        "point_id": 90,
        "inlier": true,
        "score": 0.4289969801902771
      }
    },
    {
      "type": "Feature",
      "geometry": {
        "type": "LineString",
        "coordinates": [
          [
            42.721378326416016,
            -73.54163360595703
          ],
          [
            42.716880798339844,
            -73.52255249023438
          ]
        ]
      },
      "properties": {
        "point_id": 91,
        "inlier": true,
        "score": 0.4954262375831604
      }
    },
    {
      "type": "Feature",
      "geometry": {
        "type": "LineString",
        "coordinates": [
          [
            42.73165512084961,
            -73.4747085571289
          ],
          [
            42.73028564453125,
            -73.47128295898438
          ]
        ]
      },
      "properties": {
        "point_id": 92,
        "inlier": false,
        "score": 0.4919217824935913
      }
    },
    {
      "type": "Feature",
      "geometry": {
        "type": "LineString",
        "coordinates": [
          [
            42.70210266113281,
            -73.51873779296875
          ],
          [
            42.70200729370117,
            -73.50689697265625
          ]
        ]
      },
      "properties": {
        "point_id": 93,
        "inlier": true,
        "score": 0.6904401779174805
      }
    },
    {
      "type": "Feature",
      "geometry": {
        "type": "LineString",
        "coordinates": [
          [
            42.78938293457031,
            -73.45494079589844
          ],
          [
            42.78517532348633,
            -73.45474243164062
          ]
        ]
      },
      "properties": {
        "point_id": 94,
        "inlier": false,
        "score": 0.3498430848121643
      }
    },
    {
      "type": "Feature",
      "geometry": {
        "type": "LineString",
        "coordinates": [
          [
            42.741634368896484,
            -73.46687316894531
          ],
          [
            42.74065399169922,
            -73.4642333984375
          ]
        ]
      },
      "properties": {
        "point_id": 95,
        "inlier": true,
        "score": 0.6692007184028625
      }
    },
    {
      "type": "Feature",
      "geometry": {
        "type": "LineString",
        "coordinates": [
          [
            42.71482467651367,
            -73.51766204833984
          ],
          [
            42.71247482299805,
            -73.50601959228516
          ]
        ]
      },
      "properties": {
        "point_id": 96,
        "inlier": true,
        "score": 0.5616702437400818
      }
    },
    {
      "type": "Feature",
      "geometry": {
        "type": "LineString",
        "coordinates": [
          [
            42.76756286621094,
            -73.46668243408203
          ],
          [
            42.76384353637695,
            -73.4646224975586
          ]
        ]
      },
      "properties": {
        "point_id": 97,
        "inlier": true,
        "score": 0.9992345571517944
      }
    },
    {
      "type": "Feature",
      "geometry": {
        "type": "LineString",
        "coordinates": [
          [
            42.70376968383789,
            -73.4627685546875
          ],
          [
            42.70513916015625,
            -73.45973205566406
          ]
        ]
      },
      "properties": {
        "point_id": 98,
        "inlier": true,
        "score": 0.33670297265052795
      }
    },
    {
      "type": "Feature",
      "geometry": {
        "type": "LineString",
        "coordinates": [
          [
            42.7935905456543,
            -73.53459167480469
          ],
          [
            42.773433685302734,
            -73.51697540283203
          ]
        ]
      },
      "properties": {
        "point_id": 99,
        "inlier": true,
        "score": 0.9687371850013733
      }
    },
    {
      "type": "Feature",
      "geometry": {
        "type": "LineString",
        "coordinates": [
          [
            42.738990783691406,
            -73.4765625
          ],
          [
            42.73664474487305,
            -73.47333526611328
          ]
        ]
      },
      "properties": {
        "point_id": 100,
        "inlier": false,
        "score": 0.28331372141838074
      }
    },
    {
      "type": "Feature",
      "geometry": {
        "type": "LineString",
        "coordinates": [
          [
            42.74153518676758,
            -73.46149444580078
          ],
          [
            42.7411003112793,
            -73.45939636230469
          ]
        ]
      },
      "properties": {
        "point_id": 101,
        "inlier": true,
        "score": 0.5890325307846069
      }
    },
    {
      "type": "Feature",
      "geometry": {
        "type": "LineString",
        "coordinates": [
          [
            42.7443733215332,
            -73.45767974853516
          ],
          [
            42.7438850402832,
            -73.45591735839844
          ]
        ]
      },
      "properties": {
        "point_id": 102,
        "inlier": false,
        "score": 0.2442052662372589
      }
    },
    {
      "type": "Feature",
      "geometry": {
        "type": "LineString",
        "coordinates": [
          [
            42.701419830322266,
            -73.51560974121094
          ],
          [
            42.701419830322266,
            -73.50464630126953
          ]
        ]
      },
      "properties": {
        "point_id": 103,
        "inlier": true,
        "score": 0.33295920491218567
      }
    },
    {
      "type": "Feature",
      "geometry": {
        "type": "LineString",
        "coordinates": [
          [
            42.74956130981445,
            -73.45954132080078
          ],
          [
            42.748775482177734,
            -73.45767974853516
          ]
        ]
      },
      "properties": {
        "point_id": 104,
        "inlier": true,
        "score": 0.3345949649810791
      }
    },
    {
      "type": "Feature",
      "geometry": {
        "type": "LineString",
        "coordinates": [
          [
            42.78067398071289,
            -73.47372436523438
          ],
          [
            42.77402114868164,
            -73.47069549560547
          ]
        ]
      },
      "properties": {
        "point_id": 105,
        "inlier": false,
        "score": 0.9775677919387817
      }
    },
    {
      "type": "Feature",
      "geometry": {
        "type": "LineString",
        "coordinates": [
          [
            42.76071548461914,
            -73.4870376586914
          ],
          [
            42.75474548339844,
            -73.48204040527344
          ]
        ]
      },
      "properties": {
        "point_id": 106,
        "inlier": true,
        "score": 0.6847394704818726
      }
    },
    {
      "type": "Feature",
      "geometry": {
        "type": "LineString",
        "coordinates": [
          [
            42.766292572021484,
            -73.4858627319336
          ],
          [
            42.759735107421875,
            -73.48116302490234
          ]
        ]
      },
      "properties": {
        "point_id": 107,
        "inlier": true,
        "score": 0.8471376299858093
      }
    },
    {
      "type": "Feature",
      "geometry": {
        "type": "LineString",
        "coordinates": [
          [
            42.723140716552734,
            -73.47254943847656
          ],
          [
            42.72275161743164,
            -73.46932220458984
          ]
        ]
      },
      "properties": {
        "point_id": 108,
        "inlier": true,
        "score": 0.25946614146232605
      }
    },
    {
      "type": "Feature",
      "geometry": {
        "type": "LineString",
        "coordinates": [
          [
            42.71638870239258,
            -73.52050018310547
          ],
          [
            42.71404266357422,
            -73.50787353515625
          ]
        ]
      },
      "properties": {
        "point_id": 109,
        "inlier": true,
        "score": 0.9776068329811096
      }
    },
    {
      "type": "Feature",
      "geometry": {
        "type": "LineString",
        "coordinates": [
          [
            42.77803421020508,
            -73.49789428710938
          ],
          [
            42.767269134521484,
            -73.49036407470703
          ]
        ]
      },
      "properties": {
        "point_id": 110,
        "inlier": false,
        "score": 0.4404732286930084
      }
    },
    {
      "type": "Feature",
      "geometry": {
        "type": "LineString",
        "coordinates": [
          [
            42.7113037109375,
            -73.49955749511719
          ],
          [
            42.71022415161133,
            -73.49221801757812
          ]
        ]
      },
      "properties": {
        "point_id": 111,
        "inlier": false,
        "score": 0.45495185256004333
      }
    },
    {
      "type": "Feature",
      "geometry": {
        "type": "LineString",
        "coordinates": [
          [
            42.71413803100586,
            -73.5382080078125
          ],
          [
            42.71110534667969,
            -73.52021026611328
          ]
        ]
      },
      "properties": {
        "point_id": 112,
        "inlier": true,
        "score": 0.46219050884246826
      }
    },
    {
      "type": "Feature",
      "geometry": {
        "type": "LineString",
        "coordinates": [
          [
            42.75846481323242,
            -73.45875549316406
          ],
          [
            42.756996154785156,
            -73.45738220214844
          ]
        ]
      },
      "properties": {
        "point_id": 113,
        "inlier": true,
        "score": 0.7012171745300293
      }
    },
    {
      "type": "Feature",
      "geometry": {
        "type": "LineString",
        "coordinates": [
          [
            42.735862731933594,
            -73.49446868896484
          ],
          [
            42.732337951660156,
            -73.4879150390625
          ]
        ]
      },
      "properties": {
        "point_id": 114,
        "inlier": true,
        "score": 0.43251296877861023
      }
    },
    {
      "type": "Feature",
      "geometry": {
        "type": "LineString",
        "coordinates": [
          [
            42.783512115478516,
            -73.45640563964844
          ],
          [
            42.77969741821289,
            -73.45561981201172
          ]
        ]
      },
      "properties": {
        "point_id": 115,
        "inlier": true,
        "score": 0.7428026795387268
      }
    },
    {
      "type": "Feature",
      "geometry": {
        "type": "LineString",
        "coordinates": [
          [
            42.71198654174805,
            -73.48595428466797
          ],
          [
            42.71188735961914,
            -73.48067474365234
          ]
        ]
      },
      "properties": {
        "point_id": 116,
        "inlier": true,
        "score": 0.9872017502784729
      }
    },
    {
      "type": "Feature",
      "geometry": {
        "type": "LineString",
        "coordinates": [
          [
            42.722164154052734,
            -73.46031951904297
          ],
          [
            42.723140716552734,
            -73.45787048339844
          ]
        ]
      },
      "properties": {
        "point_id": 117,
        "inlier": true,
        "score": 0.9046743512153625
      }
    },
    {
      "type": "Feature",
      "geometry": {
        "type": "LineString",
        "coordinates": [
          [
            42.73077392578125,
            -73.49016571044922
          ],
          [
            42.72840881347656,
            -73.48430633544922
          ]
        ]
      },
      "properties": {
        "point_id": 118,
        "inlier": true,
        "score": 0.4982985854148865
      }
    },
    {
      "type": "Feature",
      "geometry": {
        "type": "LineString",
        "coordinates": [
          [
            42.75239562988281,
            -73.53321838378906
          ],
          [
            42.74231719970703,
            -73.51648712158203
          ]
        ]
      },
      "properties": {
        "point_id": 119,
        "inlier": true,
        "score": 0.3959464728832245
      }
    },
    {
      "type": "Feature",
      "geometry": {
        "type": "LineString",
        "coordinates": [
          [
            42.76188659667969,
            -73.53175354003906
          ],
          [
            42.750244140625,
            -73.51531219482422
          ]
        ]
      },
      "properties": {
        "point_id": 120,
        "inlier": false,
        "score": 0.9192553758621216
      }
    },
    {
      "type": "Feature",
      "geometry": {
        "type": "LineString",
        "coordinates": [
          [
            42.71208572387695,
            -73.47343444824219
          ],
          [
            42.712379455566406,
            -73.46961975097656
          ]
        ]
      },
      "properties": {
        "point_id": 121,
        "inlier": false,
        "score": 0.6350638270378113
      }
    },
    {
      "type": "Feature",
      "geometry": {
        "type": "LineString",
        "coordinates": [
          [
            42.75366973876953,
            -73.47724914550781
          ],
          [
            42.75004959106445,
            -73.47343444824219
          ]
        ]
      },
      "properties": {
        "point_id": 122,
        "inlier": true,
        "score": 0.883320689201355
      }
    },
    {
      "type": "Feature",
      "geometry": {
        "type": "LineString",
        "coordinates": [
          [
            42.76081085205078,
            -73.48654174804688
          ],
          [
            42.75481033325195,
            -73.48155975341797
          ]
        ]
      },
      "properties": {
        "point_id": 123,
        "inlier": true,
        "score": 0.5610107779502869
      }
    },
    {
      "type": "Feature",
      "geometry": {
        "type": "LineString",
        "coordinates": [
          [
            42.704647064208984,
            -73.45855712890625
          ],
          [
            42.7062873840332,
            -73.455810546875
          ]
        ]
      },
      "properties": {
        "point_id": 124,
        "inlier": true,
        "score": 0.3483208119869232
      }
    },
    {
      "type": "Feature",
      "geometry": {
        "type": "LineString",
        "coordinates": [
          [
            42.78948211669922,
            -73.4539566040039
          ],
          [
            42.785369873046875,
            -73.45366668701172
          ]
        ]
      },
      "properties": {
        "point_id": 125,
        "inlier": true,
        "score": 0.650978684425354
      }
    },
    {
      "type": "Feature",
      "geometry": {
        "type": "LineString",
        "coordinates": [
          [
            42.70161437988281,
            -73.51883697509766
          ],
          [
            42.70151901245117,
            -73.50699615478516
          ]
        ]
      },
      "properties": {
        "point_id": 126,
        "inlier": true,
        "score": 0.29877206683158875
      }
    },
    {
      "type": "Feature",
      "geometry": {
        "type": "LineString",
        "coordinates": [
          [
            42.744178771972656,
            -73.49407958984375
          ],
          [
            42.73948287963867,
            -73.48762512207031
          ]
        ]
      },
      "properties": {
        "point_id": 127,
        "inlier": true,
        "score": 0.9013811349868774
      }
    },
    {
      "type": "Feature",
      "geometry": {
        "type": "LineString",
        "coordinates": [
          [
            42.7187385559082,
            -73.50474548339844
          ],
          [
            42.716793060302734,
            -73.4962158203125
          ]
        ]
      },
      "properties": {
        "point_id": 128,
        "inlier": true,
        "score": 0.9980419874191284
      }
    },
    {
      "type": "Feature",
      "geometry": {
        "type": "LineString",
        "coordinates": [
          [
            42.77235794067383,
            -73.50807189941406
          ],
          [
            42.761104583740234,
            -73.49858093261719
          ]
        ]
      },
      "properties": {
        "point_id": 129,
        "inlier": true,
        "score": 0.21324096620082855
      }
    },
    {
      "type": "Feature",
      "geometry": {
        "type": "LineString",
        "coordinates": [
          [
            42.73194885253906,
            -73.47108459472656
          ],
          [
            42.73126220703125,
            -73.46814727783203
          ]
        ]
      },
      "properties": {
        "point_id": 130,
        "inlier": true,
        "score": 0.4467621147632599
      }
    },
    {
      "type": "Feature",
      "geometry": {
        "type": "LineString",
        "coordinates": [
          [
            42.79349136352539,
            -73.47637176513672
          ],
          [
            42.78380584716797,
            -73.47333526611328
          ]
        ]
      },
      "properties": {
        "point_id": 131,
        "inlier": false,
        "score": 0.4659041464328766
      }
    },
    {
      "type": "Feature",
      "geometry": {
        "type": "LineString",
        "coordinates": [
          [
            42.7122802734375,
            -73.49320220947266
          ],
          [
            42.71159362792969,
            -73.4869384765625
          ]
        ]
      },
      "properties": {
        "point_id": 132,
        "inlier": true,
        "score": 0.5285197496414185
      }
    },
    {
      "type": "Feature",
      "geometry": {
        "type": "LineString",
        "coordinates": [
          [
            42.777740478515625,
            -73.50856018066406
          ],
          [
            42.765411376953125,
            -73.49906921386719
          ]
        ]
      },
      "properties": {
        "point_id": 133,
        "inlier": false,
        "score": 0.8560839891433716
      }
    },
    {
      "type": "Feature",
      "geometry": {
        "type": "LineString",
        "coordinates": [
          [
            42.751224517822266,
            -73.51022338867188
          ],
          [
            42.74359130859375,
            -73.50004577636719
          ]
        ]
      },
      "properties": {
        "point_id": 134,
        "inlier": true,
        "score": 0.966262936592102
      }
    },
    {
      "type": "Feature",
      "geometry": {
        "type": "LineString",
        "coordinates": [
          [
            42.72920608520508,
            -73.49701690673828
          ],
          [
            42.726356506347656,
            -73.48991394042969
          ]
        ]
      },
      "properties": {
        "point_id": 135,
        "inlier": true,
        "score": 0.9984956979751587
      }
    },
    {
      "type": "Feature",
      "geometry": {
        "type": "LineString",
        "coordinates": [
          [
            42.71198654174805,
            -73.500244140625
          ],
          [
            42.711204528808594,
            -73.49251556396484
          ]
        ]
      },
      "properties": {
        "point_id": 136,
        "inlier": true,
        "score": 0.28974974155426025
      }
    },
    {
      "type": "Feature",
      "geometry": {
        "type": "LineString",
        "coordinates": [
          [
            42.74398422241211,
            -73.48067474365234
          ],
          [
            42.7413215637207,
            -73.47644805908203
          ]
        ]
      },
      "properties": {
        "point_id": 137,
        "inlier": false,
        "score": 0.644997775554657
      }
    },
    {
      "type": "Feature",
      "geometry": {
        "type": "LineString",
        "coordinates": [
          [
            42.75210189819336,
            -73.45210266113281
          ],
          [
            42.75190734863281,
            -73.45121765136719
          ]
        ]
      },
      "properties": {
        "point_id": 138,
        "inlier": false,
        "score": 0.22741998732089996
      }
    },
    {
      "type": "Feature",
      "geometry": {
        "type": "LineString",
        "coordinates": [
          [
            42.753475189208984,
            -73.48047637939453
          ],
          [
            42.749168395996094,
            -73.4765625
          ]
        ]
      },
      "properties": {
        "point_id": 139,
        "inlier": true,
        "score": 0.755298912525177
      }
    },
    {
      "type": "Feature",
      "geometry": {
        "type": "LineString",
        "coordinates": [
          [
            42.71668243408203,
            -73.54574584960938
          ],
          [
            42.7127685546875,
            -73.52578735351562
          ]
        ]
      },
      "properties": {
        "point_id": 140,
        "inlier": false,
        "score": 0.4843114912509918
      }
    },
    {
      "type": "Feature",
      "geometry": {
        "type": "LineString",
        "coordinates": [
          [
            42.771183013916016,
            -73.46863555908203
          ],
          [
            42.76658630371094,
            -73.46658325195312
          ]
        ]
      },
      "properties": {
        "point_id": 141,
        "inlier": true,
        "score": 0.8727031350135803
      }
    },
    {
      "type": "Feature",
      "geometry": {
        "type": "LineString",
        "coordinates": [
          [
            42.78644943237305,
            -73.4616928100586
          ],
          [
            42.7812614440918,
            -73.46080780029297
          ]
        ]
      },
      "properties": {
        "point_id": 142,
        "inlier": true,
        "score": 0.7743889093399048
      }
    },
    {
      "type": "Feature",
      "geometry": {
        "type": "LineString",
        "coordinates": [
          [
            42.73351287841797,
            -73.47978973388672
          ],
          [
            42.73194885253906,
            -73.47578430175781
          ]
        ]
      },
      "properties": {
        "point_id": 143,
        "inlier": true,
        "score": 0.25228843092918396
      }
    },
    {
      "type": "Feature",
      "geometry": {
        "type": "LineString",
        "coordinates": [
          [
            42.70924758911133,
            -73.48272705078125
          ],
          [
            42.71002960205078,
            -73.47803497314453
          ]
        ]
      },
      "properties": {
        "point_id": 144,
        "inlier": false,
        "score": 0.39896833896636963
      }
    },
    {
      "type": "Feature",
      "geometry": {
        "type": "LineString",
        "coordinates": [
          [
            42.740264892578125,
            -73.46198272705078
          ],
          [
            42.73967742919922,
            -73.45993041992188
          ]
        ]
      },
      "properties": {
        "point_id": 145,
        "inlier": true,
        "score": 0.664646327495575
      }
    },
    {
      "type": "Feature",
      "geometry": {
        "type": "LineString",
        "coordinates": [
          [
            42.71091079711914,
            -73.45758056640625
          ],
          [
            42.712379455566406,
            -73.45503997802734
          ]
        ]
      },
      "properties": {
        "point_id": 146,
        "inlier": true,
        "score": 0.2816762328147888
      }
    },
    {
      "type": "Feature",
      "geometry": {
        "type": "LineString",
        "coordinates": [
          [
            42.77666473388672,
            -73.53126525878906
          ],
          [
            42.761104583740234,
            -73.5146255493164
          ]
        ]
      },
      "properties": {
        "point_id": 147,
        "inlier": true,
        "score": 0.8360990881919861
      }
    },
    {
      "type": "Feature",
      "geometry": {
        "type": "LineString",
        "coordinates": [
          [
            42.74182891845703,
            -73.52745056152344
          ],
          [
            42.734493255615234,
            -73.5129623413086
          ]
        ]
      },
      "properties": {
        "point_id": 148,
        "inlier": false,
        "score": 0.20186370611190796
      }
    },
    {
      "type": "Feature",
      "geometry": {
        "type": "LineString",
        "coordinates": [
          [
            42.76296615600586,
            -73.49016571044922
          ],
          [
            42.756309509277344,
            -73.48458862304688
          ]
        ]
      },
      "properties": {
        "point_id": 149,
        "inlier": true,
        "score": 0.21404418349266052
      }
    },
    {
      "type": "Feature",
      "geometry": {
        "type": "LineString",
        "coordinates": [
          [
            42.74173355102539,
            -73.47098541259766
          ],
          [
            42.74036407470703,
            -73.46785736083984
          ]
        ]
      },
      "properties": {
        "point_id": 150,
        "inlier": false,
        "score": 0.41189873218536377
      }
    },
    {
      "type": "Feature",
      "geometry": {
        "type": "LineString",
        "coordinates": [
          [
            42.74192810058594,
            -73.46961975097656
          ],
          [
            42.74016571044922,
            -73.46668243408203
          ]
        ]
      },
      "properties": {
        "point_id": 151,
        "inlier": false,
        "score": 0.5448058843612671
      }
    },
    {
      "type": "Feature",
      "geometry": {
        "type": "LineString",
        "coordinates": [
          [
            42.788795471191406,
            -73.45405578613281
          ],
          [
            42.784881591796875,
            -73.45376586914062
          ]
        ]
      },
      "properties": {
        "point_id": 152,
        "inlier": true,
        "score": 0.306348592042923
      }
    },
    {
      "type": "Feature",
      "geometry": {
        "type": "LineString",
        "coordinates": [
          [
            42.74173355102539,
            -73.4874267578125
          ],
          [
            42.7381706237793,
            -73.48208618164062
          ]
        ]
      },
      "properties": {
        "point_id": 153,
        "inlier": true,
        "score": 0.7431900501251221
      }
    },
    {
      "type": "Feature",
      "geometry": {
        "type": "LineString",
        "coordinates": [
          [
            42.788795471191406,
            -73.50425720214844
          ],
          [
            42.774803161621094,
            -73.49525451660156
          ]
        ]
      },
      "properties": {
        "point_id": 154,
        "inlier": true,
        "score": 0.5290349721908569
      }
    },
    {
      "type": "Feature",
      "geometry": {
        "type": "LineString",
        "coordinates": [
          [
            42.776371002197266,
            -73.45816802978516
          ],
          [
            42.77313995361328,
            -73.45709228515625
          ]
        ]
      },
      "properties": {
        "point_id": 155,
        "inlier": true,
        "score": 0.9993544816970825
      }
    },
    {
      "type": "Feature",
      "geometry": {
        "type": "LineString",
        "coordinates": [
          [
            42.75200653076172,
            -73.50425720214844
          ],
          [
            42.744930267333984,
            -73.49539184570312
          ]
        ]
      },
      "properties": {
        "point_id": 156,
        "inlier": true,
        "score": 0.8277628421783447
      }
    },
    {
      "type": "Feature",
      "geometry": {
        "type": "LineString",
        "coordinates": [
          [
            42.72597885131836,
            -73.5146255493164
          ],
          [
            42.722164154052734,
            -73.50366973876953
          ]
        ]
      },
      "properties": {
        "point_id": 157,
        "inlier": true,
        "score": 0.9928157925605774
      }
    },
    {
      "type": "Feature",
      "geometry": {
        "type": "LineString",
        "coordinates": [
          [
            42.7695198059082,
            -73.48126220703125
          ],
          [
            42.76286697387695,
            -73.47724914550781
          ]
        ]
      },
      "properties": {
        "point_id": 158,
        "inlier": true,
        "score": 0.44011497497558594
      }
    },
    {
      "type": "Feature",
      "geometry": {
        "type": "LineString",
        "coordinates": [
          [
            42.79926681518555,
            -73.50464630126953
          ],
          [
            42.78321838378906,
            -73.49554443359375
          ]
        ]
      },
      "properties": {
        "point_id": 159,
        "inlier": true,
        "score": 0.23490449786186218
      }
    },
    {
      "type": "Feature",
      "geometry": {
        "type": "LineString",
        "coordinates": [
          [
            42.72803497314453,
            -73.5342025756836
          ],
          [
            42.72255325317383,
            -73.51737213134766
          ]
        ]
      },
      "properties": {
        "point_id": 160,
        "inlier": true,
        "score": 0.5078954696655273
      }
    },
    {
      "type": "Feature",
      "geometry": {
        "type": "LineString",
        "coordinates": [
          [
            42.74104690551758,
            -73.46149444580078
          ],
          [
            42.740264892578125,
            -73.45963287353516
          ]
        ]
      },
      "properties": {
        "point_id": 161,
        "inlier": false,
        "score": 0.4909510314464569
      }
    },
    {
      "type": "Feature",
      "geometry": {
        "type": "LineString",
        "coordinates": [
          [
            42.724021911621094,
            -73.47333526611328
          ],
          [
            42.72372817993164,
            -73.46973419189453
          ]
        ]
      },
      "properties": {
        "point_id": 162,
        "inlier": true,
        "score": 0.25204429030418396
      }
    },
    {
      "type": "Feature",
      "geometry": {
        "type": "LineString",
        "coordinates": [
          [
            42.71100997924805,
            -73.49671936035156
          ],
          [
            42.71012878417969,
            -73.48977661132812
          ]
        ]
      },
      "properties": {
        "point_id": 163,
        "inlier": false,
        "score": 0.8348883986473083
      }
    },
    {
      "type": "Feature",
      "geometry": {
        "type": "LineString",
        "coordinates": [
          [
            42.74319839477539,
            -73.53038024902344
          ],
          [
            42.73517608642578,
            -73.51453399658203
          ]
        ]
      },
      "properties": {
        "point_id": 164,
        "inlier": true,
        "score": 0.30205318331718445
      }
    },
    {
      "type": "Feature",
      "geometry": {
        "type": "LineString",
        "coordinates": [
          [
            42.77137756347656,
            -73.47069549560547
          ],
          [
            42.766502380371094,
            -73.46820831298828
          ]
        ]
      },
      "properties": {
        "point_id": 165,
        "inlier": true,
        "score": 0.9969100952148438
      }
    },
    {
      "type": "Feature",
      "geometry": {
        "type": "LineString",
        "coordinates": [
          [
            42.75846481323242,
            -73.45944213867188
          ],
          [
            42.75698471069336,
            -73.45782470703125
          ]
        ]
      },
      "properties": {
        "point_id": 166,
        "inlier": true,
        "score": 0.9709274172782898
      }
    },
    {
      "type": "Feature",
      "geometry": {
        "type": "LineString",
        "coordinates": [
          [
            42.73311996459961,
            -73.47911071777344
          ],
          [
            42.7315559387207,
            -73.47528839111328
          ]
        ]
      },
      "properties": {
        "point_id": 167,
        "inlier": true,
        "score": 0.4315960705280304
      }
    },
    {
      "type": "Feature",
      "geometry": {
        "type": "LineString",
        "coordinates": [
          [
            42.746036529541016,
            -73.46022033691406
          ],
          [
            42.74535369873047,
            -73.45836639404297
          ]
        ]
      },
      "properties": {
        "point_id": 168,
        "inlier": true,
        "score": 0.9985249042510986
      }
    },
    {
      "type": "Feature",
      "geometry": {
        "type": "LineString",
        "coordinates": [
          [
            42.724998474121094,
            -73.45591735839844
          ],
          [
            42.72580337524414,
            -73.4536361694336
          ]
        ]
      },
      "properties": {
        "point_id": 169,
        "inlier": true,
        "score": 0.24114647507667542
      }
    },
    {
      "type": "Feature",
      "geometry": {
        "type": "LineString",
        "coordinates": [
          [
            42.764923095703125,
            -73.49006652832031
          ],
          [
            42.757877349853516,
            -73.48468780517578
          ]
        ]
      },
      "properties": {
        "point_id": 170,
        "inlier": true,
        "score": 0.4097821116447449
      }
    },
    {
      "type": "Feature",
      "geometry": {
        "type": "LineString",
        "coordinates": [
          [
            42.70210266113281,
            -73.51824951171875
          ],
          [
            42.70210266113281,
            -73.50640869140625
          ]
        ]
      },
      "properties": {
        "point_id": 171,
        "inlier": false,
        "score": 0.6963021159172058
      }
    },
    {
      "type": "Feature",
      "geometry": {
        "type": "LineString",
        "coordinates": [
          [
            42.71805191040039,
            -73.46903228759766
          ],
          [
            42.7182502746582,
            -73.46589660644531
          ]
        ]
      },
      "properties": {
        "point_id": 172,
        "inlier": true,
        "score": 0.9705124497413635
      }
    },
    {
      "type": "Feature",
      "geometry": {
        "type": "LineString",
        "coordinates": [
          [
            42.73429489135742,
            -73.47382354736328
          ],
          [
            42.73311996459961,
            -73.47029876708984
          ]
        ]
      },
      "properties": {
        "point_id": 173,
        "inlier": true,
        "score": 0.984266996383667
      }
    },
    {
      "type": "Feature",
      "geometry": {
        "type": "LineString",
        "coordinates": [
          [
            42.75298309326172,
            -73.46394348144531
          ],
          [
            42.75151824951172,
            -73.46159362792969
          ]
        ]
      },
      "properties": {
        "point_id": 174,
        "inlier": false,
        "score": 0.31468114256858826
      }
    },
    {
      "type": "Feature",
      "geometry": {
        "type": "LineString",
        "coordinates": [
          [
            42.706016540527344,
            -73.54065704345703
          ],
          [
            42.70405960083008,
            -73.5218734741211
          ]
        ]
      },
      "properties": {
        "point_id": 175,
        "inlier": false,
        "score": 0.2256624549627304
      }
    },
    {
      "type": "Feature",
      "geometry": {
        "type": "LineString",
        "coordinates": [
          [
            42.744178771972656,
            -73.46560668945312
          ],
          [
            42.743003845214844,
            -73.4631576538086
          ]
        ]
      },
      "properties": {
        "point_id": 176,
        "inlier": true,
        "score": 0.8071122169494629
      }
    },
    {
      "type": "Feature",
      "geometry": {
        "type": "LineString",
        "coordinates": [
          [
            42.76922607421875,
            -73.48057556152344
          ],
          [
            42.7630615234375,
            -73.4764633178711
          ]
        ]
      },
      "properties": {
        "point_id": 177,
        "inlier": true,
        "score": 0.5297244191169739
      }
    },
    {
      "type": "Feature",
      "geometry": {
        "type": "LineString",
        "coordinates": [
          [
            42.77627182006836,
            -73.47303771972656
          ],
          [
            42.77050018310547,
            -73.47029876708984
          ]
        ]
      },
      "properties": {
        "point_id": 178,
        "inlier": true,
        "score": 0.9968418478965759
      }
    },
    {
      "type": "Feature",
      "geometry": {
        "type": "LineString",
        "coordinates": [
          [
            42.76570510864258,
            -73.48977661132812
          ],
          [
            42.75856018066406,
            -73.48429107666016
          ]
        ]
      },
      "properties": {
        "point_id": 179,
        "inlier": true,
        "score": 0.6800817251205444
      }
    },
    {
      "type": "Feature",
      "geometry": {
        "type": "LineString",
        "coordinates": [
          [
            42.780967712402344,
            -73.48860168457031
          ],
          [
            42.771087646484375,
            -73.48312377929688
          ]
        ]
      },
      "properties": {
        "point_id": 180,
        "inlier": false,
        "score": 0.9189093112945557
      }
    },
    {
      "type": "Feature",
      "geometry": {
        "type": "LineString",
        "coordinates": [
          [
            42.767662048339844,
            -73.45845794677734
          ],
          [
            42.765357971191406,
            -73.4571304321289
          ]
        ]
      },
      "properties": {
        "point_id": 181,
        "inlier": true,
        "score": 0.8878366947174072
      }
    },
    {
      "type": "Feature",
      "geometry": {
        "type": "LineString",
        "coordinates": [
          [
            42.79349136352539,
            -73.48077392578125
          ],
          [
            42.78292465209961,
            -73.47705078125
          ]
        ]
      },
      "properties": {
        "point_id": 182,
        "inlier": false,
        "score": 0.4430461525917053
      }
    },
    {
      "type": "Feature",
      "geometry": {
        "type": "LineString",
        "coordinates": [
          [
            42.754844665527344,
            -73.5353775024414
          ],
          [
            42.74398422241211,
            -73.51776123046875
          ]
        ]
      },
      "properties": {
        "point_id": 183,
        "inlier": true,
        "score": 0.7258761525154114
      }
    },
    {
      "type": "Feature",
      "geometry": {
        "type": "LineString",
        "coordinates": [
          [
            42.72509765625,
            -73.45640563964844
          ],
          [
            42.72623062133789,
            -73.45417785644531
          ]
        ]
      },
      "properties": {
        "point_id": 184,
        "inlier": true,
        "score": 0.6713309288024902
      }
    },
    {
      "type": "Feature",
      "geometry": {
        "type": "LineString",
        "coordinates": [
          [
            42.76609420776367,
            -73.4853744506836
          ],
          [
            42.75934600830078,
            -73.48037719726562
          ]
        ]
      },
      "properties": {
        "point_id": 185,
        "inlier": true,
        "score": 0.7314811944961548
      }
    },
    {
      "type": "Feature",
      "geometry": {
        "type": "LineString",
        "coordinates": [
          [
            42.77216339111328,
            -73.50758361816406
          ],
          [
            42.76091003417969,
            -73.49809265136719
          ]
        ]
      },
      "properties": {
        "point_id": 186,
        "inlier": true,
        "score": 0.4213726222515106
      }
    },
    {
      "type": "Feature",
      "geometry": {
        "type": "LineString",
        "coordinates": [
          [
            42.70826721191406,
            -73.53742980957031
          ],
          [
            42.7063102722168,
            -73.51971435546875
          ]
        ]
      },
      "properties": {
        "point_id": 187,
        "inlier": false,
        "score": 0.2947717010974884
      }
    },
    {
      "type": "Feature",
      "geometry": {
        "type": "LineString",
        "coordinates": [
          [
            42.73967742919922,
            -73.4621810913086
          ],
          [
            42.73918914794922,
            -73.45993041992188
          ]
        ]
      },
      "properties": {
        "point_id": 188,
        "inlier": true,
        "score": 0.47821757197380066
      }
    },
    {
      "type": "Feature",
      "geometry": {
        "type": "LineString",
        "coordinates": [
          [
            42.783512115478516,
            -73.48820495605469
          ],
          [
            42.77353286743164,
            -73.48321533203125
          ]
        ]
      },
      "properties": {
        "point_id": 189,
        "inlier": true,
        "score": 0.9854556918144226
      }
    },
    {
      "type": "Feature",
      "geometry": {
        "type": "LineString",
        "coordinates": [
          [
            42.77196502685547,
            -73.50914764404297
          ],
          [
            42.76042175292969,
            -73.49906921386719
          ]
        ]
      },
      "properties": {
        "point_id": 190,
        "inlier": false,
        "score": 0.9178652167320251
      }
    },
    {
      "type": "Feature",
      "geometry": {
        "type": "LineString",
        "coordinates": [
          [
            42.75318145751953,
            -73.48175048828125
          ],
          [
            42.74887466430664,
            -73.47724914550781
          ]
        ]
      },
      "properties": {
        "point_id": 191,
        "inlier": true,
        "score": 0.5201870203018188
      }
    },
    {
      "type": "Feature",
      "geometry": {
        "type": "LineString",
        "coordinates": [
          [
            42.79613494873047,
            -73.48272705078125
          ],
          [
            42.78517532348633,
            -73.47881317138672
          ]
        ]
      },
      "properties": {
        "point_id": 192,
        "inlier": true,
        "score": 0.7550152540206909
      }
    },
    {
      "type": "Feature",
      "geometry": {
        "type": "LineString",
        "coordinates": [
          [
            42.78997039794922,
            -73.5351791381836
          ],
          [
            42.771183013916016,
            -73.51737213134766
          ]
        ]
      },
      "properties": {
        "point_id": 193,
        "inlier": false,
        "score": 0.38875824213027954
      }
    },
    {
      "type": "Feature",
      "geometry": {
        "type": "LineString",
        "coordinates": [
          [
            42.782142639160156,
            -73.52587890625
          ],
          [
            42.76570510864258,
            -73.5110092163086
          ]
        ]
      },
      "properties": {
        "point_id": 194,
        "inlier": false,
        "score": 0.9365402460098267
      }
    },
    {
      "type": "Feature",
      "geometry": {
        "type": "LineString",
        "coordinates": [
          [
            42.77627182006836,
            -73.46129608154297
          ],
          [
            42.772552490234375,
            -73.45993041992188
          ]
        ]
      },
      "properties": {
        "point_id": 195,
        "inlier": true,
        "score": 0.9975114464759827
      }
    },
    {
      "type": "Feature",
      "geometry": {
        "type": "LineString",
        "coordinates": [
          [
            42.7802848815918,
            -73.47284698486328
          ],
          [
            42.77372741699219,
            -73.47020721435547
          ]
        ]
      },
      "properties": {
        "point_id": 196,
        "inlier": true,
        "score": 0.9855700135231018
      }
    },
    {
      "type": "Feature",
      "geometry": {
        "type": "LineString",
        "coordinates": [
          [
            42.763648986816406,
            -73.49006652832031
          ],
          [
            42.756996154785156,
            -73.48439025878906
          ]
        ]
      },
      "properties": {
        "point_id": 197,
        "inlier": true,
        "score": 0.3830767571926117
      }
    },
    {
      "type": "Feature",
      "geometry": {
        "type": "LineString",
        "coordinates": [
          [
            42.776466369628906,
            -73.47528839111328
          ],
          [
            42.770206451416016,
            -73.47216033935547
          ]
        ]
      },
      "properties": {
        "point_id": 198,
        "inlier": true,
        "score": 0.9989840984344482
      }
    },
    {
      "type": "Feature",
      "geometry": {
        "type": "LineString",
        "coordinates": [
          [
            42.72382736206055,
            -73.47382354736328
          ],
          [
            42.723533630371094,
            -73.47020721435547
          ]
        ]
      },
      "properties": {
        "point_id": 199,
        "inlier": true,
        "score": 0.9125539064407349
      }
    },
    {
      "type": "Feature",
      "geometry": {
        "type": "LineString",
        "coordinates": [
          [
            42.750732421875,
            -73.53439331054688
          ],
          [
            42.74055862426758,
            -73.51707458496094
          ]
        ]
      },
      "properties": {
        "point_id": 200,
        "inlier": true,
        "score": 0.23752586543560028
      }
    },
    {
      "type": "Feature",
      "geometry": {
        "type": "LineString",
        "coordinates": [
          [
            42.770694732666016,
            -73.49143981933594
          ],
          [
            42.76227951049805,
            -73.48556518554688
          ]
        ]
      },
      "properties": {
        "point_id": 201,
        "inlier": true,
        "score": 0.9644625782966614
      }
    },
    {
      "type": "Feature",
      "geometry": {
        "type": "LineString",
        "coordinates": [
          [
            42.70973587036133,
            -73.47930145263672
          ],
          [
            42.709930419921875,
            -73.47489929199219
          ]
        ]
      },
      "properties": {
        "point_id": 202,
        "inlier": true,
        "score": 0.7170248627662659
      }
    },
    {
      "type": "Feature",
      "geometry": {
        "type": "LineString",
        "coordinates": [
          [
            42.724510192871094,
            -73.45571899414062
          ],
          [
            42.7255859375,
            -73.45317840576172
          ]
        ]
      },
      "properties": {
        "point_id": 203,
        "inlier": false,
        "score": 0.2113703042268753
      }
    },
    {
      "type": "Feature",
      "geometry": {
        "type": "LineString",
        "coordinates": [
          [
            42.740753173828125,
            -73.4771499633789
          ],
          [
            42.73834228515625,
            -73.47347259521484
          ]
        ]
      },
      "properties": {
        "point_id": 204,
        "inlier": true,
        "score": 0.5289435982704163
      }
    },
    {
      "type": "Feature",
      "geometry": {
        "type": "LineString",
        "coordinates": [
          [
            42.752201080322266,
            -73.53047943115234
          ],
          [
            42.742610931396484,
            -73.5146255493164
          ]
        ]
      },
      "properties": {
        "point_id": 205,
        "inlier": false,
        "score": 0.6261349320411682
      }
    },
    {
      "type": "Feature",
      "geometry": {
        "type": "LineString",
        "coordinates": [
          [
            42.75230026245117,
            -73.45259094238281
          ],
          [
            42.75239562988281,
            -73.45121765136719
          ]
        ]
      },
      "properties": {
        "point_id": 206,
        "inlier": true,
        "score": 0.36243051290512085
      }
    },
    {
      "type": "Feature",
      "geometry": {
        "type": "LineString",
        "coordinates": [
          [
            42.75895309448242,
            -73.5006332397461
          ],
          [
            42.75112533569336,
            -73.49280548095703
          ]
        ]
      },
      "properties": {
        "point_id": 207,
        "inlier": true,
        "score": 0.7574784159660339
      }
    },
    {
      "type": "Feature",
      "geometry": {
        "type": "LineString",
        "coordinates": [
          [
            42.7171745300293,
            -73.52617645263672
          ],
          [
            42.71443176269531,
            -73.5120849609375
          ]
        ]
      },
      "properties": {
        "point_id": 208,
        "inlier": true,
        "score": 0.5295231938362122
      }
    },
    {
      "type": "Feature",
      "geometry": {
        "type": "LineString",
        "coordinates": [
          [
            42.77793502807617,
            -73.47862243652344
          ],
          [
            42.77079391479492,
            -73.47489929199219
          ]
        ]
      },
      "properties": {
        "point_id": 209,
        "inlier": true,
        "score": 0.9972633123397827
      }
    },
    {
      "type": "Feature",
      "geometry": {
        "type": "LineString",
        "coordinates": [
          [
            42.71638870239258,
            -73.54457092285156
          ],
          [
            42.71249771118164,
            -73.5246810913086
          ]
        ]
      },
      "properties": {
        "point_id": 210,
        "inlier": true,
        "score": 0.21137207746505737
      }
    },
    {
      "type": "Feature",
      "geometry": {
        "type": "LineString",
        "coordinates": [
          [
            42.743690490722656,
            -73.48116302490234
          ],
          [
            42.74065399169922,
            -73.4765625
          ]
        ]
      },
      "properties": {
        "point_id": 211,
        "inlier": false,
        "score": 0.30118387937545776
      }
    },
    {
      "type": "Feature",
      "geometry": {
        "type": "LineString",
        "coordinates": [
          [
            42.734493255615234,
            -73.49760437011719
          ],
          [
            42.731163024902344,
            -73.49055480957031
          ]
        ]
      },
      "properties": {
        "point_id": 212,
        "inlier": true,
        "score": 0.3671567142009735
      }
    },
    {
      "type": "Feature",
      "geometry": {
        "type": "LineString",
        "coordinates": [
          [
            42.766780853271484,
            -73.4858627319336
          ],
          [
            42.76019287109375,
            -73.48104095458984
          ]
        ]
      },
      "properties": {
        "point_id": 213,
        "inlier": true,
        "score": 0.35161885619163513
      }
    },
    {
      "type": "Feature",
      "geometry": {
        "type": "LineString",
        "coordinates": [
          [
            42.71541213989258,
            -73.50494384765625
          ],
          [
            42.71394348144531,
            -73.49633026123047
          ]
        ]
      },
      "properties": {
        "point_id": 214,
        "inlier": true,
        "score": 0.6411502957344055
      }
    },
    {
      "type": "Feature",
      "geometry": {
        "type": "LineString",
        "coordinates": [
          [
            42.791534423828125,
            -73.4986801147461
          ],
          [
            42.77812957763672,
            -73.49095153808594
          ]
        ]
      },
      "properties": {
        "point_id": 215,
        "inlier": false,
        "score": 0.25281694531440735
      }
    },
    {
      "type": "Feature",
      "geometry": {
        "type": "LineString",
        "coordinates": [
          [
            42.71149826049805,
            -73.50004577636719
          ],
          [
            42.71074676513672,
            -73.49246978759766
          ]
        ]
      },
      "properties": {
        "point_id": 216,
        "inlier": true,
        "score": 0.586820125579834
      }
    },
    {
      "type": "Feature",
      "geometry": {
        "type": "LineString",
        "coordinates": [
          [
            42.75846481323242,
            -73.45826721191406
          ],
          [
            42.756996154785156,
            -73.45689392089844
          ]
        ]
      },
      "properties": {
        "point_id": 217,
        "inlier": true,
        "score": 0.5118420720100403
      }
    },
    {
      "type": "Feature",
      "geometry": {
        "type": "LineString",
        "coordinates": [
          [
            42.77372741699219,
            -73.54447174072266
          ],
          [
            42.756996154785156,
            -73.52323913574219
          ]
        ]
      },
      "properties": {
        "point_id": 218,
        "inlier": false,
        "score": 0.4316946268081665
      }
    },
    {
      "type": "Feature",
      "geometry": {
        "type": "LineString",
        "coordinates": [
          [
            42.76599884033203,
            -73.46668243408203
          ],
          [
            42.76218032836914,
            -73.4647216796875
          ]
        ]
      },
      "properties": {
        "point_id": 219,
        "inlier": true,
        "score": 0.8997074365615845
      }
    },
    {
      "type": "Feature",
      "geometry": {
        "type": "LineString",
        "coordinates": [
          [
            42.78204345703125,
            -73.49760437011719
          ],
          [
            42.770694732666016,
            -73.49006652832031
          ]
        ]
      },
      "properties": {
        "point_id": 220,
        "inlier": false,
        "score": 0.43923822045326233
      }
    },
    {
      "type": "Feature",
      "geometry": {
        "type": "LineString",
        "coordinates": [
          [
            42.70220184326172,
            -73.51648712158203
          ],
          [
            42.70220184326172,
            -73.50523376464844
          ]
        ]
      },
      "properties": {
        "point_id": 221,
        "inlier": false,
        "score": 0.2212732434272766
      }
    },
    {
      "type": "Feature",
      "geometry": {
        "type": "LineString",
        "coordinates": [
          [
            42.73263168334961,
            -73.47911071777344
          ],
          [
            42.7310676574707,
            -73.4751968383789
          ]
        ]
      },
      "properties": {
        "point_id": 222,
        "inlier": true,
        "score": 0.6767690181732178
      }
    },
    {
      "type": "Feature",
      "geometry": {
        "type": "LineString",
        "coordinates": [
          [
            42.73419952392578,
            -73.49681854248047
          ],
          [
            42.73086929321289,
            -73.49006652832031
          ]
        ]
      },
      "properties": {
        "point_id": 223,
        "inlier": false,
        "score": 0.4130614697933197
      }
    },
    {
      "type": "Feature",
      "geometry": {
        "type": "LineString",
        "coordinates": [
          [
            42.77098846435547,
            -73.50337219238281
          ],
          [
            42.76091003417969,
            -73.49486541748047
          ]
        ]
      },
      "properties": {
        "point_id": 224,
        "inlier": true,
        "score": 0.6804795265197754
      }
    },
    {
      "type": "Feature",
      "geometry": {
        "type": "LineString",
        "coordinates": [
          [
            42.73664474487305,
            -73.47871398925781
          ],
          [
            42.73488235473633,
            -73.47489929199219
          ]
        ]
      },
      "properties": {
        "point_id": 225,
        "inlier": true,
        "score": 0.27818354964256287
      }
    },
    {
      "type": "Feature",
      "geometry": {
        "type": "LineString",
        "coordinates": [
          [
            42.78977584838867,
            -73.45445251464844
          ],
          [
            42.78595733642578,
            -73.45386505126953
          ]
        ]
      },
      "properties": {
        "point_id": 226,
        "inlier": true,
        "score": 0.43955984711647034
      }
    },
    {
      "type": "Feature",
      "geometry": {
        "type": "LineString",
        "coordinates": [
          [
            42.70611572265625,
            -73.47901153564453
          ],
          [
            42.7064094543457,
            -73.4747085571289
          ]
        ]
      },
      "properties": {
        "point_id": 227,
        "inlier": false,
        "score": 0.4725812077522278
      }
    },
    {
      "type": "Feature",
      "geometry": {
        "type": "LineString",
        "coordinates": [
          [
            42.792808532714844,
            -73.49730682373047
          ],
          [
            42.779205322265625,
            -73.49006652832031
          ]
        ]
      },
      "properties": {
        "point_id": 228,
        "inlier": true,
        "score": 0.765411913394928
      }
    },
    {
      "type": "Feature",
      "geometry": {
        "type": "LineString",
        "coordinates": [
          [
            42.73703384399414,
            -73.49036407470703
          ],
          [
            42.733612060546875,
            -73.48458862304688
          ]
        ]
      },
      "properties": {
        "point_id": 229,
        "inlier": true,
        "score": 0.9793696403503418
      }
    },
    {
      "type": "Feature",
      "geometry": {
        "type": "LineString",
        "coordinates": [
          [
            42.72822952270508,
            -73.54055786132812
          ],
          [
            42.72265625,
            -73.52181243896484
          ]
        ]
      },
      "properties": {
        "point_id": 230,
        "inlier": false,
        "score": 0.4470101296901703
      }
    },
    {
      "type": "Feature",
      "geometry": {
        "type": "LineString",
        "coordinates": [
          [
            42.78478240966797,
            -73.5119857788086
          ],
          [
            42.77050018310547,
            -73.50141906738281
          ]
        ]
      },
      "properties": {
        "point_id": 231,
        "inlier": true,
        "score": 0.23577970266342163
      }
    },
    {
      "type": "Feature",
      "geometry": {
        "type": "LineString",
        "coordinates": [
          [
            42.75190734863281,
            -73.4647216796875
          ],
          [
            42.75048828125,
            -73.46234130859375
          ]
        ]
      },
      "properties": {
        "point_id": 232,
        "inlier": false,
        "score": 0.659918487071991
      }
    },
    {
      "type": "Feature",
      "geometry": {
        "type": "LineString",
        "coordinates": [
          [
            42.72187042236328,
            -73.4781265258789
          ],
          [
            42.721771240234375,
            -73.47421264648438
          ]
        ]
      },
      "properties": {
        "point_id": 233,
        "inlier": false,
        "score": 0.3951641023159027
      }
    },
    {
      "type": "Feature",
      "geometry": {
        "type": "LineString",
        "coordinates": [
          [
            42.73556900024414,
            -73.51042175292969
          ],
          [
            42.73038101196289,
            -73.500244140625
          ]
        ]
      },
      "properties": {
        "point_id": 234,
        "inlier": false,
        "score": 0.40212327241897583
      }
    },
    {
      "type": "Feature",
      "geometry": {
        "type": "LineString",
        "coordinates": [
          [
            42.761592864990234,
            -73.48507690429688
          ],
          [
            42.75564956665039,
            -73.48036193847656
          ]
        ]
      },
      "properties": {
        "point_id": 235,
        "inlier": true,
        "score": 0.566016435623169
      }
    },
    {
      "type": "Feature",
      "geometry": {
        "type": "LineString",
        "coordinates": [
          [
            42.78908920288086,
            -73.47627258300781
          ],
          [
            42.78038024902344,
            -73.47333526611328
          ]
        ]
      },
      "properties": {
        "point_id": 236,
        "inlier": true,
        "score": 0.930805504322052
      }
    },
    {
      "type": "Feature",
      "geometry": {
        "type": "LineString",
        "coordinates": [
          [
            42.77147674560547,
            -73.4612045288086
          ],
          [
            42.768150329589844,
            -73.45973205566406
          ]
        ]
      },
      "properties": {
        "point_id": 237,
        "inlier": true,
        "score": 0.9974923729896545
      }
    },
    {
      "type": "Feature",
      "geometry": {
        "type": "LineString",
        "coordinates": [
          [
            42.77460861206055,
            -73.4631576538086
          ],
          [
            42.77088928222656,
            -73.4616928100586
          ]
        ]
      },
      "properties": {
        "point_id": 238,
        "inlier": true,
        "score": 0.9960597157478333
      }
    },
    {
      "type": "Feature",
      "geometry": {
        "type": "LineString",
        "coordinates": [
          [
            42.745941162109375,
            -73.53742980957031
          ],
          [
            42.73664474487305,
            -73.51962280273438
          ]
        ]
      },
      "properties": {
        "point_id": 239,
        "inlier": true,
        "score": 0.3669661581516266
      }
    },
    {
      "type": "Feature",
      "geometry": {
        "type": "LineString",
        "coordinates": [
          [
            42.79085159301758,
            -73.49671936035156
          ],
          [
            42.777740478515625,
            -73.48977661132812
          ]
        ]
      },
      "properties": {
        "point_id": 240,
        "inlier": true,
        "score": 0.9953998923301697
      }
    },
    {
      "type": "Feature",
      "geometry": {
        "type": "LineString",
        "coordinates": [
          [
            42.79613494873047,
            -73.50592041015625
          ],
          [
            42.78038024902344,
            -73.49681854248047
          ]
        ]
      },
      "properties": {
        "point_id": 241,
        "inlier": true,
        "score": 0.6122541427612305
      }
    },
    {
      "type": "Feature",
      "geometry": {
        "type": "LineString",
        "coordinates": [
          [
            42.74456787109375,
            -73.49212646484375
          ],
          [
            42.73997116088867,
            -73.48615264892578
          ]
        ]
      },
      "properties": {
        "point_id": 242,
        "inlier": true,
        "score": 0.28881633281707764
      }
    },
    {
      "type": "Feature",
      "geometry": {
        "type": "LineString",
        "coordinates": [
          [
            42.793785095214844,
            -73.49613189697266
          ],
          [
            42.78036117553711,
            -73.48921203613281
          ]
        ]
      },
      "properties": {
        "point_id": 243,
        "inlier": true,
        "score": 0.7122146487236023
      }
    },
    {
      "type": "Feature",
      "geometry": {
        "type": "LineString",
        "coordinates": [
          [
            42.70768356323242,
            -73.48351287841797
          ],
          [
            42.70817184448242,
            -73.47842407226562
          ]
        ]
      },
      "properties": {
        "point_id": 244,
        "inlier": true,
        "score": 0.41561001539230347
      }
    },
    {
      "type": "Feature",
      "geometry": {
        "type": "LineString",
        "coordinates": [
          [
            42.764041900634766,
            -73.49055480957031
          ],
          [
            42.75709533691406,
            -73.48507690429688
          ]
        ]
      },
      "properties": {
        "point_id": 245,
        "inlier": true,
        "score": 0.652878999710083
      }
    },
    {
      "type": "Feature",
      "geometry": {
        "type": "LineString",
        "coordinates": [
          [
            42.77225875854492,
            -73.49476623535156
          ],
          [
            42.76296615600586,
            -73.4883041381836
          ]
        ]
      },
      "properties": {
        "point_id": 246,
        "inlier": true,
        "score": 0.9008666276931763
      }
    },
    {
      "type": "Feature",
      "geometry": {
        "type": "LineString",
        "coordinates": [
          [
            42.78331756591797,
            -73.47039794921875
          ],
          [
            42.776893615722656,
            -73.46806335449219
          ]
        ]
      },
      "properties": {
        "point_id": 247,
        "inlier": true,
        "score": 0.9934222102165222
      }
    },
    {
      "type": "Feature",
      "geometry": {
        "type": "LineString",
        "coordinates": [
          [
            42.78361129760742,
            -73.50004577636719
          ],
          [
            42.77186965942383,
            -73.49221801757812
          ]
        ]
      },
      "properties": {
        "point_id": 248,
        "inlier": false,
        "score": 0.5270010828971863
      }
    },
    {
      "type": "Feature",
      "geometry": {
        "type": "LineString",
        "coordinates": [
          [
            42.77715301513672,
            -73.46511840820312
          ],
          [
            42.772457122802734,
            -73.46345520019531
          ]
        ]
      },
      "properties": {
        "point_id": 249,
        "inlier": true,
        "score": 0.9692193269729614
      }
    },
    {
      "type": "Feature",
      "geometry": {
        "type": "LineString",
        "coordinates": [
          [
            42.724998474121094,
            -73.49290466308594
          ],
          [
            42.72343444824219,
            -73.48654174804688
          ]
        ]
      },
      "properties": {
        "point_id": 250,
        "inlier": false,
        "score": 0.9503834247589111
      }
    },
    {
      "type": "Feature",
      "geometry": {
        "type": "LineString",
        "coordinates": [
          [
            42.7127685546875,
            -73.49329376220703
          ],
          [
            42.712135314941406,
            -73.48687744140625
          ]
        ]
      },
      "properties": {
        "point_id": 251,
        "inlier": true,
        "score": 0.7784321308135986
      }
    },
    {
      "type": "Feature",
      "geometry": {
        "type": "LineString",
        "coordinates": [
          [
            42.74525451660156,
            -73.4875259399414
          ],
          [
            42.74143981933594,
            -73.48204040527344
          ]
        ]
      },
      "properties": {
        "point_id": 252,
        "inlier": true,
        "score": 0.5848987698554993
      }
    },
    {
      "type": "Feature",
      "geometry": {
        "type": "LineString",
        "coordinates": [
          [
            42.71394348144531,
            -73.5373306274414
          ],
          [
            42.7113037109375,
            -73.51971435546875
          ]
        ]
      },
      "properties": {
        "point_id": 253,
        "inlier": false,
        "score": 0.32273373007774353
      }
    },
    {
      "type": "Feature",
      "geometry": {
        "type": "LineString",
        "coordinates": [
          [
            42.76922607421875,
            -73.51776123046875
          ],
          [
            42.757484436035156,
            -73.50543212890625
          ]
        ]
      },
      "properties": {
        "point_id": 254,
        "inlier": true,
        "score": 0.2149297147989273
      }
    },
    {
      "type": "Feature",
      "geometry": {
        "type": "LineString",
        "coordinates": [
          [
            42.78693771362305,
            -73.46110534667969
          ],
          [
            42.78204345703125,
            -73.45993041992188
          ]
        ]
      },
      "properties": {
        "point_id": 255,
        "inlier": true,
        "score": 0.3374236822128296
      }
    },
    {
      "type": "Feature",
      "geometry": {
        "type": "LineString",
        "coordinates": [
          [
            42.704551696777344,
            -73.45806884765625
          ],
          [
            42.706214904785156,
            -73.45542907714844
          ]
        ]
      },
      "properties": {
        "point_id": 256,
        "inlier": true,
        "score": 0.6085715889930725
      }
    },
    {
      "type": "Feature",
      "geometry": {
        "type": "LineString",
        "coordinates": [
          [
            42.741146087646484,
            -73.46668243408203
          ],
          [
            42.74016571044922,
            -73.4642333984375
          ]
        ]
      },
      "properties": {
        "point_id": 257,
        "inlier": true,
        "score": 0.9270237684249878
      }
    },
    {
      "type": "Feature",
      "geometry": {
        "type": "LineString",
        "coordinates": [
          [
            42.749267578125,
            -73.47637176513672
          ],
          [
            42.74622344970703,
            -73.47264099121094
          ]
        ]
      },
      "properties": {
        "point_id": 258,
        "inlier": true,
        "score": 0.8956074714660645
      }
    },
    {
      "type": "Feature",
      "geometry": {
        "type": "LineString",
        "coordinates": [
          [
            42.7428092956543,
            -73.46080780029297
          ],
          [
            42.742122650146484,
            -73.45875549316406
          ]
        ]
      },
      "properties": {
        "point_id": 259,
        "inlier": true,
        "score": 0.7807594537734985
      }
    },
    {
      "type": "Feature",
      "geometry": {
        "type": "LineString",
        "coordinates": [
          [
            42.74476623535156,
            -73.49290466308594
          ],
          [
            42.74036407470703,
            -73.48664093017578
          ]
        ]
      },
      "properties": {
        "point_id": 260,
        "inlier": true,
        "score": 0.6689378619194031
      }
    },
    {
      "type": "Feature",
      "geometry": {
        "type": "LineString",
        "coordinates": [
          [
            42.739871978759766,
            -73.4631576538086
          ],
          [
            42.73948287963867,
            -73.46090698242188
          ]
        ]
      },
      "properties": {
        "point_id": 261,
        "inlier": true,
        "score": 0.8204347491264343
      }
    },
    {
      "type": "Feature",
      "geometry": {
        "type": "LineString",
        "coordinates": [
          [
            42.78409957885742,
            -73.5114974975586
          ],
          [
            42.77050018310547,
            -73.50093078613281
          ]
        ]
      },
      "properties": {
        "point_id": 262,
        "inlier": false,
        "score": 0.3250682055950165
      }
    },
    {
      "type": "Feature",
      "geometry": {
        "type": "LineString",
        "coordinates": [
          [
            42.78752517700195,
            -73.53459167480469
          ],
          [
            42.768836975097656,
            -73.51717376708984
          ]
        ]
      },
      "properties": {
        "point_id": 263,
        "inlier": false,
        "score": 0.44353437423706055
      }
    },
    {
      "type": "Feature",
      "geometry": {
        "type": "LineString",
        "coordinates": [
          [
            42.77490234375,
            -73.48233795166016
          ],
          [
            42.767662048339844,
            -73.47842407226562
          ]
        ]
      },
      "properties": {
        "point_id": 264,
        "inlier": false,
        "score": 0.7833607792854309
      }
    },
    {
      "type": "Feature",
      "geometry": {
        "type": "LineString",
        "coordinates": [
          [
            42.73194885253906,
            -73.47059631347656
          ],
          [
            42.731163024902344,
            -73.46765899658203
          ]
        ]
      },
      "properties": {
        "point_id": 265,
        "inlier": true,
        "score": 0.8453765511512756
      }
    },
    {
      "type": "Feature",
      "geometry": {
        "type": "LineString",
        "coordinates": [
          [
            42.73576354980469,
            -73.46971130371094
          ],
          [
            42.73478317260742,
            -73.46687316894531
          ]
        ]
      },
      "properties": {
        "point_id": 266,
        "inlier": true,
        "score": 0.791090726852417
      }
    },
    {
      "type": "Feature",
      "geometry": {
        "type": "LineString",
        "coordinates": [
          [
            42.721771240234375,
            -73.47891235351562
          ],
          [
            42.72098922729492,
            -73.4747085571289
          ]
        ]
      },
      "properties": {
        "point_id": 267,
        "inlier": true,
        "score": 0.6823091506958008
      }
    },
    {
      "type": "Feature",
      "geometry": {
        "type": "LineString",
        "coordinates": [
          [
            42.74906921386719,
            -73.45944213867188
          ],
          [
            42.748287200927734,
            -73.45758056640625
          ]
        ]
      },
      "properties": {
        "point_id": 268,
        "inlier": true,
        "score": 0.6291874647140503
      }
    },
    {
      "type": "Feature",
      "geometry": {
        "type": "LineString",
        "coordinates": [
          [
            42.79300308227539,
            -73.47705078125
          ],
          [
            42.78331756591797,
            -73.47392272949219
          ]
        ]
      },
      "properties": {
        "point_id": 269,
        "inlier": false,
        "score": 0.47552376985549927
      }
    },
    {
      "type": "Feature",
      "geometry": {
        "type": "LineString",
        "coordinates": [
          [
            42.77235794067383,
            -73.46765899658203
          ],
          [
            42.76805114746094,
            -73.46560668945312
          ]
        ]
      },
      "properties": {
        "point_id": 270,
        "inlier": true,
        "score": 0.9957717657089233
      }
    },
    {
      "type": "Feature",
      "geometry": {
        "type": "LineString",
        "coordinates": [
          [
            42.72147750854492,
            -73.49398040771484
          ],
          [
            42.7197151184082,
            -73.48722839355469
          ]
        ]
      },
      "properties": {
        "point_id": 271,
        "inlier": true,
        "score": 0.6487936973571777
      }
    },
    {
      "type": "Feature",
      "geometry": {
        "type": "LineString",
        "coordinates": [
          [
            42.78018569946289,
            -73.47069549560547
          ],
          [
            42.77397155761719,
            -73.46824645996094
          ]
        ]
      },
      "properties": {
        "point_id": 272,
        "inlier": true,
        "score": 0.9942589402198792
      }
    },
    {
      "type": "Feature",
      "geometry": {
        "type": "LineString",
        "coordinates": [
          [
            42.75327682495117,
            -73.47793579101562
          ],
          [
            42.74936294555664,
            -73.47412109375
          ]
        ]
      },
      "properties": {
        "point_id": 273,
        "inlier": true,
        "score": 0.786460280418396
      }
    },
    {
      "type": "Feature",
      "geometry": {
        "type": "LineString",
        "coordinates": [
          [
            42.76091003417969,
            -73.48605346679688
          ],
          [
            42.754940032958984,
            -73.48106384277344
          ]
        ]
      },
      "properties": {
        "point_id": 274,
        "inlier": true,
        "score": 0.3084370493888855
      }
    },
    {
      "type": "Feature",
      "geometry": {
        "type": "LineString",
        "coordinates": [
          [
            42.748775482177734,
            -73.4735336303711
          ],
          [
            42.74613571166992,
            -73.47020721435547
          ]
        ]
      },
      "properties": {
        "point_id": 275,
        "inlier": true,
        "score": 0.890972375869751
      }
    },
    {
      "type": "Feature",
      "geometry": {
        "type": "LineString",
        "coordinates": [
          [
            42.78683853149414,
            -73.47157287597656
          ],
          [
            42.77949905395508,
            -73.46912384033203
          ]
        ]
      },
      "properties": {
        "point_id": 276,
        "inlier": true,
        "score": 0.46330270171165466
      }
    },
    {
      "type": "Feature",
      "geometry": {
        "type": "LineString",
        "coordinates": [
          [
            42.745941162109375,
            -73.45503997802734
          ],
          [
            42.74613571166992,
            -73.45356750488281
          ]
        ]
      },
      "properties": {
        "point_id": 277,
        "inlier": true,
        "score": 0.7867243885993958
      }
    },
    {
      "type": "Feature",
      "geometry": {
        "type": "LineString",
        "coordinates": [
          [
            42.75464630126953,
            -73.50679779052734
          ],
          [
            42.74705123901367,
            -73.49750518798828
          ]
        ]
      },
      "properties": {
        "point_id": 278,
        "inlier": true,
        "score": 0.280978798866272
      }
    },
    {
      "type": "Feature",
      "geometry": {
        "type": "LineString",
        "coordinates": [
          [
            42.79085159301758,
            -73.45855712890625
          ],
          [
            42.78587341308594,
            -73.45762634277344
          ]
        ]
      },
      "properties": {
        "point_id": 279,
        "inlier": true,
        "score": 0.5837996006011963
      }
    },
    {
      "type": "Feature",
      "geometry": {
        "type": "LineString",
        "coordinates": [
          [
            42.725685119628906,
            -73.52421569824219
          ],
          [
            42.72151565551758,
            -73.51028442382812
          ]
        ]
      },
      "properties": {
        "point_id": 280,
        "inlier": true,
        "score": 0.9352595210075378
      }
    },
    {
      "type": "Feature",
      "geometry": {
        "type": "LineString",
        "coordinates": [
          [
            42.74662399291992,
            -73.46746063232422
          ],
          [
            42.74525451660156,
            -73.4646224975586
          ]
        ]
      },
      "properties": {
        "point_id": 281,
        "inlier": false,
        "score": 0.7023178935050964
      }
    },
    {
      "type": "Feature",
      "geometry": {
        "type": "LineString",
        "coordinates": [
          [
            42.719520568847656,
            -73.45327758789062
          ],
          [
            42.72098922729492,
            -73.450927734375
          ]
        ]
      },
      "properties": {
        "point_id": 282,
        "inlier": true,
        "score": 0.9348431825637817
      }
    },
    {
      "type": "Feature",
      "geometry": {
        "type": "LineString",
        "coordinates": [
          [
            42.7684440612793,
            -73.45758056640625
          ],
          [
            42.76599884033203,
            -73.45630645751953
          ]
        ]
      },
      "properties": {
        "point_id": 283,
        "inlier": true,
        "score": 0.9606976509094238
      }
    },
    {
      "type": "Feature",
      "geometry": {
        "type": "LineString",
        "coordinates": [
          [
            42.75865936279297,
            -73.5013198852539
          ],
          [
            42.75063705444336,
            -73.49290466308594
          ]
        ]
      },
      "properties": {
        "point_id": 284,
        "inlier": false,
        "score": 0.7329847812652588
      }
    },
    {
      "type": "Feature",
      "geometry": {
        "type": "LineString",
        "coordinates": [
          [
            42.711692810058594,
            -73.54633331298828
          ],
          [
            42.708465576171875,
            -73.52607727050781
          ]
        ]
      },
      "properties": {
        "point_id": 285,
        "inlier": false,
        "score": 0.35872286558151245
      }
    },
    {
      "type": "Feature",
      "geometry": {
        "type": "LineString",
        "coordinates": [
          [
            42.71091079711914,
            -73.4986801147461
          ],
          [
            42.71012878417969,
            -73.49114227294922
          ]
        ]
      },
      "properties": {
        "point_id": 286,
        "inlier": true,
        "score": 0.4658992886543274
      }
    },
    {
      "type": "Feature",
      "geometry": {
        "type": "LineString",
        "coordinates": [
          [
            42.741634368896484,
            -73.45307922363281
          ],
          [
            42.742286682128906,
            -73.4513931274414
          ]
        ]
      },
      "properties": {
        "point_id": 287,
        "inlier": true,
        "score": 0.6448969841003418
      }
    },
    {
      "type": "Feature",
      "geometry": {
        "type": "LineString",
        "coordinates": [
          [
            42.708560943603516,
            -73.48282623291016
          ],
          [
            42.709346771240234,
            -73.47803497314453
          ]
        ]
      },
      "properties": {
        "point_id": 288,
        "inlier": false,
        "score": 0.34213677048683167
      }
    },
    {
      "type": "Feature",
      "geometry": {
        "type": "LineString",
        "coordinates": [
          [
            42.71629333496094,
            -73.50249481201172
          ],
          [
            42.71492385864258,
            -73.49417877197266
          ]
        ]
      },
      "properties": {
        "point_id": 289,
        "inlier": true,
        "score": 0.7362080216407776
      }
    },
    {
      "type": "Feature",
      "geometry": {
        "type": "LineString",
        "coordinates": [
          [
            42.72392272949219,
            -73.47744750976562
          ],
          [
            42.72343444824219,
            -73.47343444824219
          ]
        ]
      },
      "properties": {
        "point_id": 290,
        "inlier": true,
        "score": 0.2826482951641083
      }
    },
    {
      "type": "Feature",
      "geometry": {
        "type": "LineString",
        "coordinates": [
          [
            42.77040100097656,
            -73.46354675292969
          ],
          [
            42.76688003540039,
            -73.46188354492188
          ]
        ]
      },
      "properties": {
        "point_id": 291,
        "inlier": true,
        "score": 0.9995697140693665
      }
    },
    {
      "type": "Feature",
      "geometry": {
        "type": "LineString",
        "coordinates": [
          [
            42.74143981933594,
            -73.47147369384766
          ],
          [
            42.739871978759766,
            -73.46844482421875
          ]
        ]
      },
      "properties": {
        "point_id": 292,
        "inlier": true,
        "score": 0.9213852882385254
      }
    },
    {
      "type": "Feature",
      "geometry": {
        "type": "LineString",
        "coordinates": [
          [
            42.7171745300293,
            -73.50856018066406
          ],
          [
            42.71550750732422,
            -73.4991683959961
          ]
        ]
      },
      "properties": {
        "point_id": 293,
        "inlier": false,
        "score": 0.5646507740020752
      }
    },
    {
      "type": "Feature",
      "geometry": {
        "type": "LineString",
        "coordinates": [
          [
            42.72098922729492,
            -73.47822570800781
          ],
          [
            42.72064208984375,
            -73.47419738769531
          ]
        ]
      },
      "properties": {
        "point_id": 294,
        "inlier": true,
        "score": 0.3942459523677826
      }
    },
    {
      "type": "Feature",
      "geometry": {
        "type": "LineString",
        "coordinates": [
          [
            42.73077392578125,
            -73.49231719970703
          ],
          [
            42.72819137573242,
            -73.48601531982422
          ]
        ]
      },
      "properties": {
        "point_id": 295,
        "inlier": true,
        "score": 0.7843957543373108
      }
    },
    {
      "type": "Feature",
      "geometry": {
        "type": "LineString",
        "coordinates": [
          [
            42.71550750732422,
            -73.45445251464844
          ],
          [
            42.7171745300293,
            -73.45210266113281
          ]
        ]
      },
      "properties": {
        "point_id": 296,
        "inlier": true,
        "score": 0.9639268517494202
      }
    },
    {
      "type": "Feature",
      "geometry": {
        "type": "LineString",
        "coordinates": [
          [
            42.752593994140625,
            -73.53234100341797
          ],
          [
            42.74222183227539,
            -73.51599884033203
          ]
        ]
      },
      "properties": {
        "point_id": 297,
        "inlier": true,
        "score": 0.40479305386543274
      }
    },
    {
      "type": "Feature",
      "geometry": {
        "type": "LineString",
        "coordinates": [
          [
            42.7561149597168,
            -73.50709533691406
          ],
          [
            42.74838638305664,
            -73.4977035522461
          ]
        ]
      },
      "properties": {
        "point_id": 298,
        "inlier": true,
        "score": 0.3511042594909668
      }
    },
    {
      "type": "Feature",
      "geometry": {
        "type": "LineString",
        "coordinates": [
          [
            42.72637176513672,
            -73.49633026123047
          ],
          [
            42.72421646118164,
            -73.48957824707031
          ]
        ]
      },
      "properties": {
        "point_id": 299,
        "inlier": false,
        "score": 0.2736551761627197
      }
    },
    {
      "type": "Feature",
      "geometry": {
        "type": "LineString",
        "coordinates": [
          [
            42.792903900146484,
            -73.47959899902344
          ],
          [
            42.78292465209961,
            -73.4764633178711
          ]
        ]
      },
      "properties": {
        "point_id": 300,
        "inlier": false,
        "score": 0.3599773347377777
      }
    },
    {
      "type": "Feature",
      "geometry": {
        "type": "LineString",
        "coordinates": [
          [
            42.710716247558594,
            -73.54613494873047
          ],
          [
            42.70797348022461,
            -73.52607727050781
          ]
        ]
      },
      "properties": {
        "point_id": 301,
        "inlier": true,
        "score": 0.45111897587776184
      }
    },
    {
      "type": "Feature",
      "geometry": {
        "type": "LineString",
        "coordinates": [
          [
            42.74045944213867,
            -73.45327758789062
          ],
          [
            42.741241455078125,
            -73.45170593261719
          ]
        ]
      },
      "properties": {
        "point_id": 302,
        "inlier": true,
        "score": 0.5392633676528931
      }
    },
    {
      "type": "Feature",
      "geometry": {
        "type": "LineString",
        "coordinates": [
          [
            42.72030258178711,
            -73.45806884765625
          ],
          [
            42.721378326416016,
            -73.45552825927734
          ]
        ]
      },
      "properties": {
        "point_id": 303,
        "inlier": true,
        "score": 0.28174299001693726
      }
    },
    {
      "type": "Feature",
      "geometry": {
        "type": "LineString",
        "coordinates": [
          [
            42.72764205932617,
            -73.4612045288086
          ],
          [
            42.727962493896484,
            -73.45883178710938
          ]
        ]
      },
      "properties": {
        "point_id": 304,
        "inlier": true,
        "score": 0.7393431663513184
      }
    },
    {
      "type": "Feature",
      "geometry": {
        "type": "LineString",
        "coordinates": [
          [
            42.709346771240234,
            -73.47832489013672
          ],
          [
            42.709930419921875,
            -73.47412109375
          ]
        ]
      },
      "properties": {
        "point_id": 305,
        "inlier": true,
        "score": 0.8368203639984131
      }
    },
    {
      "type": "Feature",
      "geometry": {
        "type": "LineString",
        "coordinates": [
          [
            42.732242584228516,
            -73.47862243652344
          ],
          [
            42.7305793762207,
            -73.47480010986328
          ]
        ]
      },
      "properties": {
        "point_id": 306,
        "inlier": true,
        "score": 0.8544203042984009
      }
    },
    {
      "type": "Feature",
      "geometry": {
        "type": "LineString",
        "coordinates": [
          [
            42.7695198059082,
            -73.47069549560547
          ],
          [
            42.76511764526367,
            -73.46824645996094
          ]
        ]
      },
      "properties": {
        "point_id": 307,
        "inlier": false,
        "score": 0.995359480381012
      }
    },
    {
      "type": "Feature",
      "geometry": {
        "type": "LineString",
        "coordinates": [
          [
            42.75865936279297,
            -73.4998550415039
          ],
          [
            42.75093078613281,
            -73.49212646484375
          ]
        ]
      },
      "properties": {
        "point_id": 308,
        "inlier": true,
        "score": 0.44115307927131653
      }
    },
    {
      "type": "Feature",
      "geometry": {
        "type": "LineString",
        "coordinates": [
          [
            42.72901153564453,
            -73.54055786132812
          ],
          [
            42.72323989868164,
            -73.5218734741211
          ]
        ]
      },
      "properties": {
        "point_id": 309,
        "inlier": false,
        "score": 0.5629635453224182
      }
    },
    {
      "type": "Feature",
      "geometry": {
        "type": "LineString",
        "coordinates": [
          [
            42.7886962890625,
            -73.46022033691406
          ],
          [
            42.78361129760742,
            -73.45934295654297
          ]
        ]
      },
      "properties": {
        "point_id": 310,
        "inlier": true,
        "score": 0.6674545407295227
      }
    },
    {
      "type": "Feature",
      "geometry": {
        "type": "LineString",
        "coordinates": [
          [
            42.72382736206055,
            -73.48165130615234
          ],
          [
            42.722904205322266,
            -73.47720336914062
          ]
        ]
      },
      "properties": {
        "point_id": 311,
        "inlier": true,
        "score": 0.9797090291976929
      }
    },
    {
      "type": "Feature",
      "geometry": {
        "type": "LineString",
        "coordinates": [
          [
            42.723628997802734,
            -73.47274780273438
          ],
          [
            42.72323989868164,
            -73.46942138671875
          ]
        ]
      },
      "properties": {
        "point_id": 312,
        "inlier": true,
        "score": 0.38086098432540894
      }
    },
    {
      "type": "Feature",
      "geometry": {
        "type": "LineString",
        "coordinates": [
          [
            42.75376892089844,
            -73.48762512207031
          ],
          [
            42.74858093261719,
            -73.48243713378906
          ]
        ]
      },
      "properties": {
        "point_id": 313,
        "inlier": true,
        "score": 0.9770992994308472
      }
    },
    {
      "type": "Feature",
      "geometry": {
        "type": "LineString",
        "coordinates": [
          [
            42.76531219482422,
            -73.49955749511719
          ],
          [
            42.756797790527344,
            -73.49185180664062
          ]
        ]
      },
      "properties": {
        "point_id": 314,
        "inlier": true,
        "score": 0.9761311411857605
      }
    },
    {
      "type": "Feature",
      "geometry": {
        "type": "LineString",
        "coordinates": [
          [
            42.72118377685547,
            -73.49446868896484
          ],
          [
            42.7197151184082,
            -73.48771667480469
          ]
        ]
      },
      "properties": {
        "point_id": 315,
        "inlier": true,
        "score": 0.34019336104393005
      }
    },
    {
      "type": "Feature",
      "geometry": {
        "type": "LineString",
        "coordinates": [
          [
            42.79222106933594,
            -73.52842712402344
          ],
          [
            42.77353286743164,
            -73.5124740600586
          ]
        ]
      },
      "properties": {
        "point_id": 316,
        "inlier": true,
        "score": 0.4823068380355835
      }
    },
    {
      "type": "Feature",
      "geometry": {
        "type": "LineString",
        "coordinates": [
          [
            42.79701614379883,
            -73.53057861328125
          ],
          [
            42.77656555175781,
            -73.5141372680664
          ]
        ]
      },
      "properties": {
        "point_id": 317,
        "inlier": true,
        "score": 0.36622685194015503
      }
    },
    {
      "type": "Feature",
      "geometry": {
        "type": "LineString",
        "coordinates": [
          [
            42.7315559387207,
            -73.51374816894531
          ],
          [
            42.72686004638672,
            -73.50308227539062
          ]
        ]
      },
      "properties": {
        "point_id": 318,
        "inlier": false,
        "score": 0.748244047164917
      }
    },
    {
      "type": "Feature",
      "geometry": {
        "type": "LineString",
        "coordinates": [
          [
            42.7620849609375,
            -73.51502227783203
          ],
          [
            42.75190734863281,
            -73.50395965576172
          ]
        ]
      },
      "properties": {
        "point_id": 319,
        "inlier": false,
        "score": 0.23293708264827728
      }
    },
    {
      "type": "Feature",
      "geometry": {
        "type": "LineString",
        "coordinates": [
          [
            42.74848175048828,
            -73.4529800415039
          ],
          [
            42.74848175048828,
            -73.451416015625
          ]
        ]
      },
      "properties": {
        "point_id": 320,
        "inlier": true,
        "score": 0.6053586602210999
      }
    },
    {
      "type": "Feature",
      "geometry": {
        "type": "LineString",
        "coordinates": [
          [
            42.775001525878906,
            -73.45777893066406
          ],
          [
            42.772064208984375,
            -73.45640563964844
          ]
        ]
      },
      "properties": {
        "point_id": 321,
        "inlier": false,
        "score": 0.9688084125518799
      }
    },
    {
      "type": "Feature",
      "geometry": {
        "type": "LineString",
        "coordinates": [
          [
            42.728912353515625,
            -73.49505615234375
          ],
          [
            42.72637176513672,
            -73.4885025024414
          ]
        ]
      },
      "properties": {
        "point_id": 322,
        "inlier": true,
        "score": 0.4556598961353302
      }
    },
    {
      "type": "Feature",
      "geometry": {
        "type": "LineString",
        "coordinates": [
          [
            42.734981536865234,
            -73.51042175292969
          ],
          [
            42.729793548583984,
            -73.50044250488281
          ]
        ]
      },
      "properties": {
        "point_id": 323,
        "inlier": false,
        "score": 0.3967238962650299
      }
    },
    {
      "type": "Feature",
      "geometry": {
        "type": "LineString",
        "coordinates": [
          [
            42.74887466430664,
            -73.53948211669922
          ],
          [
            42.73868179321289,
            -73.52066802978516
          ]
        ]
      },
      "properties": {
        "point_id": 324,
        "inlier": true,
        "score": 0.4067060649394989
      }
    },
    {
      "type": "Feature",
      "geometry": {
        "type": "LineString",
        "coordinates": [
          [
            42.748775482177734,
            -73.47724914550781
          ],
          [
            42.74574279785156,
            -73.4735336303711
          ]
        ]
      },
      "properties": {
        "point_id": 325,
        "inlier": true,
        "score": 0.8943864107131958
      }
    },
    {
      "type": "Feature",
      "geometry": {
        "type": "LineString",
        "coordinates": [
          [
            42.77558517456055,
            -73.45435333251953
          ],
          [
            42.77333450317383,
            -73.45327758789062
          ]
        ]
      },
      "properties": {
        "point_id": 326,
        "inlier": false,
        "score": 0.8408986330032349
      }
    },
    {
      "type": "Feature",
      "geometry": {
        "type": "LineString",
        "coordinates": [
          [
            42.78292465209961,
            -73.53997039794922
          ],
          [
            42.764041900634766,
            -73.52079010009766
          ]
        ]
      },
      "properties": {
        "point_id": 327,
        "inlier": false,
        "score": 0.27765223383903503
      }
    },
    {
      "type": "Feature",
      "geometry": {
        "type": "LineString",
        "coordinates": [
          [
            42.79388427734375,
            -73.47000885009766
          ],
          [
            42.78556823730469,
            -73.46814727783203
          ]
        ]
      },
      "properties": {
        "point_id": 328,
        "inlier": false,
        "score": 0.8704699873924255
      }
    },
    {
      "type": "Feature",
      "geometry": {
        "type": "LineString",
        "coordinates": [
          [
            42.74359130859375,
            -73.5367431640625
          ],
          [
            42.734981536865234,
            -73.51873779296875
          ]
        ]
      },
      "properties": {
        "point_id": 329,
        "inlier": true,
        "score": 0.8973026871681213
      }
    },
    {
      "type": "Feature",
      "geometry": {
        "type": "LineString",
        "coordinates": [
          [
            42.744667053222656,
            -73.4657974243164
          ],
          [
            42.743492126464844,
            -73.4633560180664
          ]
        ]
      },
      "properties": {
        "point_id": 330,
        "inlier": true,
        "score": 0.6524415016174316
      }
    },
    {
      "type": "Feature",
      "geometry": {
        "type": "LineString",
        "coordinates": [
          [
            42.730674743652344,
            -73.49172973632812
          ],
          [
            42.72803497314453,
            -73.48556518554688
          ]
        ]
      },
      "properties": {
        "point_id": 331,
        "inlier": true,
        "score": 0.9292968511581421
      }
    },
    {
      "type": "Feature",
      "geometry": {
        "type": "LineString",
        "coordinates": [
          [
            42.71795654296875,
            -73.45650482177734
          ],
          [
            42.719337463378906,
            -73.45401763916016
          ]
        ]
      },
      "properties": {
        "point_id": 332,
        "inlier": true,
        "score": 0.995665967464447
      }
    },
    {
      "type": "Feature",
      "geometry": {
        "type": "LineString",
        "coordinates": [
          [
            42.759735107421875,
            -73.50190734863281
          ],
          [
            42.75181198120117,
            -73.49359130859375
          ]
        ]
      },
      "properties": {
        "point_id": 333,
        "inlier": true,
        "score": 0.7840349078178406
      }
    },
    {
      "type": "Feature",
      "geometry": {
        "type": "LineString",
        "coordinates": [
          [
            42.76218032836914,
            -73.51453399658203
          ],
          [
            42.75200653076172,
            -73.50347137451172
          ]
        ]
      },
      "properties": {
        "point_id": 334,
        "inlier": false,
        "score": 0.24546217918395996
      }
    },
    {
      "type": "Feature",
      "geometry": {
        "type": "LineString",
        "coordinates": [
          [
            42.743690490722656,
            -73.49329376220703
          ],
          [
            42.73948287963867,
            -73.48712921142578
          ]
        ]
      },
      "properties": {
        "point_id": 335,
        "inlier": true,
        "score": 0.3532108664512634
      }
    },
    {
      "type": "Feature",
      "geometry": {
        "type": "LineString",
        "coordinates": [
          [
            42.72940444946289,
            -73.49466705322266
          ],
          [
            42.726566314697266,
            -73.4880142211914
          ]
        ]
      },
      "properties": {
        "point_id": 336,
        "inlier": true,
        "score": 0.6067425608634949
      }
    },
    {
      "type": "Feature",
      "geometry": {
        "type": "LineString",
        "coordinates": [
          [
            42.71482467651367,
            -73.51717376708984
          ],
          [
            42.712379455566406,
            -73.50553131103516
          ]
        ]
      },
      "properties": {
        "point_id": 337,
        "inlier": false,
        "score": 0.8705713152885437
      }
    },
    {
      "type": "Feature",
      "geometry": {
        "type": "LineString",
        "coordinates": [
          [
            42.73908996582031,
            -73.53282928466797
          ],
          [
            42.731849670410156,
            -73.51638793945312
          ]
        ]
      },
      "properties": {
        "point_id": 338,
        "inlier": true,
        "score": 0.6543672680854797
      }
    },
    {
      "type": "Feature",
      "geometry": {
        "type": "LineString",
        "coordinates": [
          [
            42.78595733642578,
            -73.46110534667969
          ],
          [
            42.7812614440918,
            -73.46031951904297
          ]
        ]
      },
      "properties": {
        "point_id": 339,
        "inlier": false,
        "score": 0.3493748903274536
      }
    },
    {
      "type": "Feature",
      "geometry": {
        "type": "LineString",
        "coordinates": [
          [
            42.77490234375,
            -73.54525756835938
          ],
          [
            42.757877349853516,
            -73.5238265991211
          ]
        ]
      },
      "properties": {
        "point_id": 340,
        "inlier": true,
        "score": 0.38312312960624695
      }
    },
    {
      "type": "Feature",
      "geometry": {
        "type": "LineString",
        "coordinates": [
          [
            42.795448303222656,
            -73.48272705078125
          ],
          [
            42.78450393676758,
            -73.47859191894531
          ]
        ]
      },
      "properties": {
        "point_id": 341,
        "inlier": true,
        "score": 0.4876040518283844
      }
    },
    {
      "type": "Feature",
      "geometry": {
        "type": "LineString",
        "coordinates": [
          [
            42.73664474487305,
            -73.4781265258789
          ],
          [
            42.735076904296875,
            -73.47421264648438
          ]
        ]
      },
      "properties": {
        "point_id": 342,
        "inlier": false,
        "score": 0.8197256922721863
      }
    },
    {
      "type": "Feature",
      "geometry": {
        "type": "LineString",
        "coordinates": [
          [
            42.76179122924805,
            -73.45983123779297
          ],
          [
            42.759735107421875,
            -73.45826721191406
          ]
        ]
      },
      "properties": {
        "point_id": 343,
        "inlier": true,
        "score": 0.998870849609375
      }
    },
    {
      "type": "Feature",
      "geometry": {
        "type": "LineString",
        "coordinates": [
          [
            42.76237869262695,
            -73.51139831542969
          ],
          [
            42.75261306762695,
            -73.50088500976562
          ]
        ]
      },
      "properties": {
        "point_id": 344,
        "inlier": true,
        "score": 0.7411847710609436
      }
    },
    {
      "type": "Feature",
      "geometry": {
        "type": "LineString",
        "coordinates": [
          [
            42.78419876098633,
            -73.49182891845703
          ],
          [
            42.77362823486328,
            -73.48576354980469
          ]
        ]
      },
      "properties": {
        "point_id": 345,
        "inlier": true,
        "score": 0.9190571904182434
      }
    },
    {
      "type": "Feature",
      "geometry": {
        "type": "LineString",
        "coordinates": [
          [
            42.73243713378906,
            -73.45729064941406
          ],
          [
            42.73307418823242,
            -73.4554214477539
          ]
        ]
      },
      "properties": {
        "point_id": 346,
        "inlier": true,
        "score": 0.9754568934440613
      }
    },
    {
      "type": "Feature",
      "geometry": {
        "type": "LineString",
        "coordinates": [
          [
            42.78801345825195,
            -73.5347900390625
          ],
          [
            42.7695198059082,
            -73.51727294921875
          ]
        ]
      },
      "properties": {
        "point_id": 347,
        "inlier": false,
        "score": 0.3909938931465149
      }
    },
    {
      "type": "Feature",
      "geometry": {
        "type": "LineString",
        "coordinates": [
          [
            42.793983459472656,
            -73.46883392333984
          ],
          [
            42.786155700683594,
            -73.46697235107422
          ]
        ]
      },
      "properties": {
        "point_id": 348,
        "inlier": true,
        "score": 0.39202895760536194
      }
    },
    {
      "type": "Feature",
      "geometry": {
        "type": "LineString",
        "coordinates": [
          [
            42.775978088378906,
            -73.49574279785156
          ],
          [
            42.76570510864258,
            -73.4887924194336
          ]
        ]
      },
      "properties": {
        "point_id": 349,
        "inlier": false,
        "score": 0.7851930856704712
      }
    },
    {
      "type": "Feature",
      "geometry": {
        "type": "LineString",
        "coordinates": [
          [
            42.734100341796875,
            -73.53694152832031
          ],
          [
            42.72764205932617,
            -73.51932525634766
          ]
        ]
      },
      "properties": {
        "point_id": 350,
        "inlier": false,
        "score": 0.47429704666137695
      }
    },
    {
      "type": "Feature",
      "geometry": {
        "type": "LineString",
        "coordinates": [
          [
            42.7886962890625,
            -73.52275085449219
          ],
          [
            42.77196502685547,
            -73.50914764404297
          ]
        ]
      },
      "properties": {
        "point_id": 351,
        "inlier": false,
        "score": 0.34744009375572205
      }
    },
    {
      "type": "Feature",
      "geometry": {
        "type": "LineString",
        "coordinates": [
          [
            42.73625183105469,
            -73.47264862060547
          ],
          [
            42.734928131103516,
            -73.46958923339844
          ]
        ]
      },
      "properties": {
        "point_id": 352,
        "inlier": true,
        "score": 0.454568475484848
      }
    },
    {
      "type": "Feature",
      "geometry": {
        "type": "LineString",
        "coordinates": [
          [
            42.725685119628906,
            -73.49574279785156
          ],
          [
            42.723533630371094,
            -73.4889907836914
          ]
        ]
      },
      "properties": {
        "point_id": 353,
        "inlier": true,
        "score": 0.9191519021987915
      }
    },
    {
      "type": "Feature",
      "geometry": {
        "type": "LineString",
        "coordinates": [
          [
            42.73517608642578,
            -73.49446868896484
          ],
          [
            42.731849670410156,
            -73.4879150390625
          ]
        ]
      },
      "properties": {
        "point_id": 354,
        "inlier": true,
        "score": 0.8367005586624146
      }
    },
    {
      "type": "Feature",
      "geometry": {
        "type": "LineString",
        "coordinates": [
          [
            42.782535552978516,
            -73.49720764160156
          ],
          [
            42.771183013916016,
            -73.49006652832031
          ]
        ]
      },
      "properties": {
        "point_id": 355,
        "inlier": true,
        "score": 0.6421093344688416
      }
    },
    {
      "type": "Feature",
      "geometry": {
        "type": "LineString",
        "coordinates": [
          [
            42.76325988769531,
            -73.49065399169922
          ],
          [
            42.7562141418457,
            -73.48507690429688
          ]
        ]
      },
      "properties": {
        "point_id": 356,
        "inlier": true,
        "score": 0.6462039947509766
      }
    },
    {
      "type": "Feature",
      "geometry": {
        "type": "LineString",
        "coordinates": [
          [
            42.75640869140625,
            -73.52021026611328
          ],
          [
            42.74672317504883,
            -73.50699615478516
          ]
        ]
      },
      "properties": {
        "point_id": 357,
        "inlier": false,
        "score": 0.2440260648727417
      }
    },
    {
      "type": "Feature",
      "geometry": {
        "type": "LineString",
        "coordinates": [
          [
            42.78273010253906,
            -73.49838256835938
          ],
          [
            42.77147674560547,
            -73.49055480957031
          ]
        ]
      },
      "properties": {
        "point_id": 358,
        "inlier": false,
        "score": 0.287689208984375
      }
    },
    {
      "type": "Feature",
      "geometry": {
        "type": "LineString",
        "coordinates": [
          [
            42.77715301513672,
            -73.45748138427734
          ],
          [
            42.77393341064453,
            -73.45646667480469
          ]
        ]
      },
      "properties": {
        "point_id": 359,
        "inlier": true,
        "score": 0.9993671774864197
      }
    },
    {
      "type": "Feature",
      "geometry": {
        "type": "LineString",
        "coordinates": [
          [
            42.73302459716797,
            -73.47959899902344
          ],
          [
            42.7310676574707,
            -73.4756851196289
          ]
        ]
      },
      "properties": {
        "point_id": 360,
        "inlier": false,
        "score": 0.470897912979126
      }
    },
    {
      "type": "Feature",
      "geometry": {
        "type": "LineString",
        "coordinates": [
          [
            42.7551383972168,
            -73.50729370117188
          ],
          [
            42.74711227416992,
            -73.49809265136719
          ]
        ]
      },
      "properties": {
        "point_id": 361,
        "inlier": true,
        "score": 0.3471609652042389
      }
    },
    {
      "type": "Feature",
      "geometry": {
        "type": "LineString",
        "coordinates": [
          [
            42.74897384643555,
            -73.5252914428711
          ],
          [
            42.740264892578125,
            -73.5110092163086
          ]
        ]
      },
      "properties": {
        "point_id": 362,
        "inlier": true,
        "score": 0.7503266930580139
      }
    },
    {
      "type": "Feature",
      "geometry": {
        "type": "LineString",
        "coordinates": [
          [
            42.73086929321289,
            -73.48957824707031
          ],
          [
            42.72852325439453,
            -73.48370361328125
          ]
        ]
      },
      "properties": {
        "point_id": 363,
        "inlier": true,
        "score": 0.5941759943962097
      }
    },
    {
      "type": "Feature",
      "geometry": {
        "type": "LineString",
        "coordinates": [
          [
            42.72813034057617,
            -73.51404571533203
          ],
          [
            42.724021911621094,
            -73.50318145751953
          ]
        ]
      },
      "properties": {
        "point_id": 364,
        "inlier": true,
        "score": 0.9964063167572021
      }
    },
    {
      "type": "Feature",
      "geometry": {
        "type": "LineString",
        "coordinates": [
          [
            42.71707534790039,
            -73.54379272460938
          ],
          [
            42.713260650634766,
            -73.52421569824219
          ]
        ]
      },
      "properties": {
        "point_id": 365,
        "inlier": true,
        "score": 0.424934059381485
      }
    },
    {
      "type": "Feature",
      "geometry": {
        "type": "LineString",
        "coordinates": [
          [
            42.75709533691406,
            -73.52656555175781
          ],
          [
            42.746917724609375,
            -73.5116958618164
          ]
        ]
      },
      "properties": {
        "point_id": 366,
        "inlier": false,
        "score": 0.5755255222320557
      }
    },
    {
      "type": "Feature",
      "geometry": {
        "type": "LineString",
        "coordinates": [
          [
            42.71091079711914,
            -73.49760437011719
          ],
          [
            42.71002960205078,
            -73.49055480957031
          ]
        ]
      },
      "properties": {
        "point_id": 367,
        "inlier": false,
        "score": 0.68873131275177
      }
    },
    {
      "type": "Feature",
      "geometry": {
        "type": "LineString",
        "coordinates": [
          [
            42.74173355102539,
            -73.52696228027344
          ],
          [
            42.73439407348633,
            -73.5124740600586
          ]
        ]
      },
      "properties": {
        "point_id": 368,
        "inlier": true,
        "score": 0.27123934030532837
      }
    },
    {
      "type": "Feature",
      "geometry": {
        "type": "LineString",
        "coordinates": [
          [
            42.744178771972656,
            -73.50983428955078
          ],
          [
            42.73772048950195,
            -73.4998550415039
          ]
        ]
      },
      "properties": {
        "point_id": 369,
        "inlier": true,
        "score": 0.9972503781318665
      }
    },
    {
      "type": "Feature",
      "geometry": {
        "type": "LineString",
        "coordinates": [
          [
            42.72441482543945,
            -73.47676086425781
          ],
          [
            42.72372817993164,
            -73.47284698486328
          ]
        ]
      },
      "properties": {
        "point_id": 370,
        "inlier": true,
        "score": 0.3790798783302307
      }
    },
    {
      "type": "Feature",
      "geometry": {
        "type": "LineString",
        "coordinates": [
          [
            42.78341293334961,
            -73.49114227294922
          ],
          [
            42.77313995361328,
            -73.48556518554688
          ]
        ]
      },
      "properties": {
        "point_id": 371,
        "inlier": true,
        "score": 0.8514883518218994
      }
    },
    {
      "type": "Feature",
      "geometry": {
        "type": "LineString",
        "coordinates": [
          [
            42.7567024230957,
            -73.5218734741211
          ],
          [
            42.74672317504883,
            -73.50856018066406
          ]
        ]
      },
      "properties": {
        "point_id": 372,
        "inlier": true,
        "score": 0.7987752556800842
      }
    },
    {
      "type": "Feature",
      "geometry": {
        "type": "LineString",
        "coordinates": [
          [
            42.73341369628906,
            -73.49437713623047
          ],
          [
            42.7304801940918,
            -73.4878158569336
          ]
        ]
      },
      "properties": {
        "point_id": 373,
        "inlier": true,
        "score": 0.8758722543716431
      }
    },
    {
      "type": "Feature",
      "geometry": {
        "type": "LineString",
        "coordinates": [
          [
            42.73038101196289,
            -73.48928833007812
          ],
          [
            42.72799301147461,
            -73.48365020751953
          ]
        ]
      },
      "properties": {
        "point_id": 374,
        "inlier": true,
        "score": 0.8529112339019775
      }
    },
    {
      "type": "Feature",
      "geometry": {
        "type": "LineString",
        "coordinates": [
          [
            42.75689697265625,
            -73.52108764648438
          ],
          [
            42.746971130371094,
            -73.50768280029297
          ]
        ]
      },
      "properties": {
        "point_id": 375,
        "inlier": true,
        "score": 0.7882545590400696
      }
    },
    {
      "type": "Feature",
      "geometry": {
        "type": "LineString",
        "coordinates": [
          [
            42.75249481201172,
            -73.4638442993164
          ],
          [
            42.75102615356445,
            -73.46149444580078
          ]
        ]
      },
      "properties": {
        "point_id": 376,
        "inlier": false,
        "score": 0.6074886918067932
      }
    },
    {
      "type": "Feature",
      "geometry": {
        "type": "LineString",
        "coordinates": [
          [
            42.7882080078125,
            -73.50269317626953
          ],
          [
            42.774803161621094,
            -73.49427795410156
          ]
        ]
      },
      "properties": {
        "point_id": 377,
        "inlier": true,
        "score": 0.5246953964233398
      }
    },
    {
      "type": "Feature",
      "geometry": {
        "type": "LineString",
        "coordinates": [
          [
            42.77568435668945,
            -73.51893615722656
          ],
          [
            42.76227951049805,
            -73.50630950927734
          ]
        ]
      },
      "properties": {
        "point_id": 378,
        "inlier": true,
        "score": 0.7632726430892944
      }
    },
    {
      "type": "Feature",
      "geometry": {
        "type": "LineString",
        "coordinates": [
          [
            42.78840637207031,
            -73.48361206054688
          ],
          [
            42.77881622314453,
            -73.47959899902344
          ]
        ]
      },
      "properties": {
        "point_id": 379,
        "inlier": false,
        "score": 0.9667062163352966
      }
    },
    {
      "type": "Feature",
      "geometry": {
        "type": "LineString",
        "coordinates": [
          [
            42.73830795288086,
            -73.53889465332031
          ],
          [
            42.73126220703125,
            -73.51981353759766
          ]
        ]
      },
      "properties": {
        "point_id": 380,
        "inlier": false,
        "score": 0.43078574538230896
      }
    },
    {
      "type": "Feature",
      "geometry": {
        "type": "LineString",
        "coordinates": [
          [
            42.742610931396484,
            -73.46668243408203
          ],
          [
            42.74143981933594,
            -73.4643325805664
          ]
        ]
      },
      "properties": {
        "point_id": 381,
        "inlier": true,
        "score": 0.9661487936973572
      }
    },
    {
      "type": "Feature",
      "geometry": {
        "type": "LineString",
        "coordinates": [
          [
            42.70914840698242,
            -73.53919219970703
          ],
          [
            42.70699691772461,
            -73.52098846435547
          ]
        ]
      },
      "properties": {
        "point_id": 382,
        "inlier": true,
        "score": 0.6577553153038025
      }
    },
    {
      "type": "Feature",
      "geometry": {
        "type": "LineString",
        "coordinates": [
          [
            42.741241455078125,
            -73.48057556152344
          ],
          [
            42.738990783691406,
            -73.4765625
          ]
        ]
      },
      "properties": {
        "point_id": 383,
        "inlier": false,
        "score": 0.3785254657268524
      }
    },
    {
      "type": "Feature",
      "geometry": {
        "type": "LineString",
        "coordinates": [
          [
            42.76521682739258,
            -73.47254943847656
          ],
          [
            42.76081085205078,
            -73.46990966796875
          ]
        ]
      },
      "properties": {
        "point_id": 384,
        "inlier": true,
        "score": 0.9641244411468506
      }
    },
    {
      "type": "Feature",
      "geometry": {
        "type": "LineString",
        "coordinates": [
          [
            42.71932601928711,
            -73.52128601074219
          ],
          [
            42.7161750793457,
            -73.5086898803711
          ]
        ]
      },
      "properties": {
        "point_id": 385,
        "inlier": true,
        "score": 0.9562525153160095
      }
    },
    {
      "type": "Feature",
      "geometry": {
        "type": "LineString",
        "coordinates": [
          [
            42.73194885253906,
            -73.5460433959961
          ],
          [
            42.72490310668945,
            -73.5250015258789
          ]
        ]
      },
      "properties": {
        "point_id": 386,
        "inlier": false,
        "score": 0.7397482395172119
      }
    },
    {
      "type": "Feature",
      "geometry": {
        "type": "LineString",
        "coordinates": [
          [
            42.79300308227539,
            -73.47627258300781
          ],
          [
            42.78331756591797,
            -73.47343444824219
          ]
        ]
      },
      "properties": {
        "point_id": 387,
        "inlier": false,
        "score": 0.22365227341651917
      }
    },
    {
      "type": "Feature",
      "geometry": {
        "type": "LineString",
        "coordinates": [
          [
            42.73664474487305,
            -73.53370666503906
          ],
          [
            42.72959899902344,
            -73.51717376708984
          ]
        ]
      },
      "properties": {
        "point_id": 388,
        "inlier": true,
        "score": 0.701006293296814
      }
    },
    {
      "type": "Feature",
      "geometry": {
        "type": "LineString",
        "coordinates": [
          [
            42.7320442199707,
            -73.47157287597656
          ],
          [
            42.731163024902344,
            -73.46873474121094
          ]
        ]
      },
      "properties": {
        "point_id": 389,
        "inlier": false,
        "score": 0.714417576789856
      }
    },
    {
      "type": "Feature",
      "geometry": {
        "type": "LineString",
        "coordinates": [
          [
            42.720890045166016,
            -73.50543212890625
          ],
          [
            42.7186393737793,
            -73.49681854248047
          ]
        ]
      },
      "properties": {
        "point_id": 390,
        "inlier": true,
        "score": 0.6164599061012268
      }
    },
    {
      "type": "Feature",
      "geometry": {
        "type": "LineString",
        "coordinates": [
          [
            42.71844482421875,
            -73.46629333496094
          ],
          [
            42.71900177001953,
            -73.46330261230469
          ]
        ]
      },
      "properties": {
        "point_id": 391,
        "inlier": true,
        "score": 0.9979249835014343
      }
    },
    {
      "type": "Feature",
      "geometry": {
        "type": "LineString",
        "coordinates": [
          [
            42.753082275390625,
            -73.46345520019531
          ],
          [
            42.75145721435547,
            -73.4610824584961
          ]
        ]
      },
      "properties": {
        "point_id": 392,
        "inlier": false,
        "score": 0.31943032145500183
      }
    },
    {
      "type": "Feature",
      "geometry": {
        "type": "LineString",
        "coordinates": [
          [
            42.74222183227539,
            -73.48067474365234
          ],
          [
            42.739776611328125,
            -73.4764633178711
          ]
        ]
      },
      "properties": {
        "point_id": 393,
        "inlier": false,
        "score": 0.6443076729774475
      }
    },
    {
      "type": "Feature",
      "geometry": {
        "type": "LineString",
        "coordinates": [
          [
            42.74153518676758,
            -73.52793884277344
          ],
          [
            42.73390579223633,
            -73.51277160644531
          ]
        ]
      },
      "properties": {
        "point_id": 394,
        "inlier": true,
        "score": 0.41372546553611755
      }
    },
    {
      "type": "Feature",
      "geometry": {
        "type": "LineString",
        "coordinates": [
          [
            42.78341293334961,
            -73.45709228515625
          ],
          [
            42.77940368652344,
            -73.45640563964844
          ]
        ]
      },
      "properties": {
        "point_id": 395,
        "inlier": true,
        "score": 0.9365906119346619
      }
    },
    {
      "type": "Feature",
      "geometry": {
        "type": "LineString",
        "coordinates": [
          [
            42.74134063720703,
            -73.4879150390625
          ],
          [
            42.7379150390625,
            -73.48253631591797
          ]
        ]
      },
      "properties": {
        "point_id": 396,
        "inlier": true,
        "score": 0.6326360106468201
      }
    },
    {
      "type": "Feature",
      "geometry": {
        "type": "LineString",
        "coordinates": [
          [
            42.7443733215332,
            -73.47607421875
          ],
          [
            42.74182891845703,
            -73.47235870361328
          ]
        ]
      },
      "properties": {
        "point_id": 397,
        "inlier": true,
        "score": 0.990898847579956
      }
    },
    {
      "type": "Feature",
      "geometry": {
        "type": "LineString",
        "coordinates": [
          [
            42.732242584228516,
            -73.5115966796875
          ],
          [
            42.72764205932617,
            -73.501220703125
          ]
        ]
      },
      "properties": {
        "point_id": 398,
        "inlier": true,
        "score": 0.9926918148994446
      }
    },
    {
      "type": "Feature",
      "geometry": {
        "type": "LineString",
        "coordinates": [
          [
            42.75298309326172,
            -73.4529800415039
          ],
          [
            42.75278854370117,
            -73.451904296875
          ]
        ]
      },
      "properties": {
        "point_id": 399,
        "inlier": true,
        "score": 0.7570192217826843
      }
    },
    {
      "type": "Feature",
      "geometry": {
        "type": "LineString",
        "coordinates": [
          [
            42.766292572021484,
            -73.49662780761719
          ],
          [
            42.757972717285156,
            -73.48967742919922
          ]
        ]
      },
      "properties": {
        "point_id": 400,
        "inlier": true,
        "score": 0.42291781306266785
      }
    },
    {
      "type": "Feature",
      "geometry": {
        "type": "LineString",
        "coordinates": [
          [
            42.709346771240234,
            -73.5373306274414
          ],
          [
            42.70699691772461,
            -73.51952362060547
          ]
        ]
      },
      "properties": {
        "point_id": 401,
        "inlier": false,
        "score": 0.2686081528663635
      }
    },
    {
      "type": "Feature",
      "geometry": {
        "type": "LineString",
        "coordinates": [
          [
            42.70161437988281,
            -73.51824951171875
          ],
          [
            42.701419830322266,
            -73.50630950927734
          ]
        ]
      },
      "properties": {
        "point_id": 402,
        "inlier": true,
        "score": 0.6752222180366516
      }
    },
    {
      "type": "Feature",
      "geometry": {
        "type": "LineString",
        "coordinates": [
          [
            42.741634368896484,
            -73.47049713134766
          ],
          [
            42.74016571044922,
            -73.46736907958984
          ]
        ]
      },
      "properties": {
        "point_id": 403,
        "inlier": true,
        "score": 0.685939610004425
      }
    },
    {
      "type": "Feature",
      "geometry": {
        "type": "LineString",
        "coordinates": [
          [
            42.743690490722656,
            -73.46560668945312
          ],
          [
            42.742515563964844,
            -73.4633560180664
          ]
        ]
      },
      "properties": {
        "point_id": 404,
        "inlier": true,
        "score": 0.7981919646263123
      }
    },
    {
      "type": "Feature",
      "geometry": {
        "type": "LineString",
        "coordinates": [
          [
            42.77744674682617,
            -73.50054168701172
          ],
          [
            42.76648712158203,
            -73.49280548095703
          ]
        ]
      },
      "properties": {
        "point_id": 405,
        "inlier": true,
        "score": 0.9402424097061157
      }
    },
    {
      "type": "Feature",
      "geometry": {
        "type": "LineString",
        "coordinates": [
          [
            42.761104583740234,
            -73.48556518554688
          ],
          [
            42.754940032958984,
            -73.48057556152344
          ]
        ]
      },
      "properties": {
        "point_id": 406,
        "inlier": false,
        "score": 0.516746461391449
      }
    },
    {
      "type": "Feature",
      "geometry": {
        "type": "LineString",
        "coordinates": [
          [
            42.74544906616211,
            -73.48811340332031
          ],
          [
            42.74143981933594,
            -73.48282623291016
          ]
        ]
      },
      "properties": {
        "point_id": 407,
        "inlier": true,
        "score": 0.73028564453125
      }
    },
    {
      "type": "Feature",
      "geometry": {
        "type": "LineString",
        "coordinates": [
          [
            42.72069549560547,
            -73.45855712890625
          ],
          [
            42.72187042236328,
            -73.45601654052734
          ]
        ]
      },
      "properties": {
        "point_id": 408,
        "inlier": true,
        "score": 0.5463073253631592
      }
    },
    {
      "type": "Feature",
      "geometry": {
        "type": "LineString",
        "coordinates": [
          [
            42.7058219909668,
            -73.4887924194336
          ],
          [
            42.70603561401367,
            -73.48309326171875
          ]
        ]
      },
      "properties": {
        "point_id": 409,
        "inlier": true,
        "score": 0.35315725207328796
      }
    },
    {
      "type": "Feature",
      "geometry": {
        "type": "LineString",
        "coordinates": [
          [
            42.74065399169922,
            -73.48439025878906
          ],
          [
            42.73772048950195,
            -73.47969818115234
          ]
        ]
      },
      "properties": {
        "point_id": 410,
        "inlier": true,
        "score": 0.9045110940933228
      }
    },
    {
      "type": "Feature",
      "geometry": {
        "type": "LineString",
        "coordinates": [
          [
            42.73674011230469,
            -73.48820495605469
          ],
          [
            42.733612060546875,
            -73.48272705078125
          ]
        ]
      },
      "properties": {
        "point_id": 411,
        "inlier": true,
        "score": 0.8794338703155518
      }
    },
    {
      "type": "Feature",
      "geometry": {
        "type": "LineString",
        "coordinates": [
          [
            42.753963470458984,
            -73.48126220703125
          ],
          [
            42.75004959106445,
            -73.47724914550781
          ]
        ]
      },
      "properties": {
        "point_id": 412,
        "inlier": false,
        "score": 0.5233054757118225
      }
    },
    {
      "type": "Feature",
      "geometry": {
        "type": "LineString",
        "coordinates": [
          [
            42.70905303955078,
            -73.46687316894531
          ],
          [
            42.709930419921875,
            -73.4638442993164
          ]
        ]
      },
      "properties": {
        "point_id": 413,
        "inlier": true,
        "score": 0.9636821150779724
      }
    },
    {
      "type": "Feature",
      "geometry": {
        "type": "LineString",
        "coordinates": [
          [
            42.71893310546875,
            -73.46873474121094
          ],
          [
            42.7192268371582,
            -73.46560668945312
          ]
        ]
      },
      "properties": {
        "point_id": 414,
        "inlier": true,
        "score": 0.9759437441825867
      }
    },
    {
      "type": "Feature",
      "geometry": {
        "type": "LineString",
        "coordinates": [
          [
            42.71707534790039,
            -73.4765625
          ],
          [
            42.716983795166016,
            -73.47270202636719
          ]
        ]
      },
      "properties": {
        "point_id": 415,
        "inlier": true,
        "score": 0.9969865679740906
      }
    },
    {
      "type": "Feature",
      "geometry": {
        "type": "LineString",
        "coordinates": [
          [
            42.74769973754883,
            -73.46619415283203
          ],
          [
            42.74611282348633,
            -73.46387481689453
          ]
        ]
      },
      "properties": {
        "point_id": 416,
        "inlier": true,
        "score": 0.8736138343811035
      }
    },
    {
      "type": "Feature",
      "geometry": {
        "type": "LineString",
        "coordinates": [
          [
            42.75846481323242,
            -73.45777893066406
          ],
          [
            42.756996154785156,
            -73.45640563964844
          ]
        ]
      },
      "properties": {
        "point_id": 417,
        "inlier": true,
        "score": 0.6781052947044373
      }
    },
    {
      "type": "Feature",
      "geometry": {
        "type": "LineString",
        "coordinates": [
          [
            42.72676086425781,
            -73.46932220458984
          ],
          [
            42.726566314697266,
            -73.46599578857422
          ]
        ]
      },
      "properties": {
        "point_id": 418,
        "inlier": false,
        "score": 0.9703326225280762
      }
    },
    {
      "type": "Feature",
      "geometry": {
        "type": "LineString",
        "coordinates": [
          [
            42.72098922729492,
            -73.50474548339844
          ],
          [
            42.7186393737793,
            -73.49613189697266
          ]
        ]
      },
      "properties": {
        "point_id": 419,
        "inlier": true,
        "score": 0.9162209630012512
      }
    },
    {
      "type": "Feature",
      "geometry": {
        "type": "LineString",
        "coordinates": [
          [
            42.76139831542969,
            -73.49417877197266
          ],
          [
            42.754451751708984,
            -73.48771667480469
          ]
        ]
      },
      "properties": {
        "point_id": 420,
        "inlier": true,
        "score": 0.8701589703559875
      }
    },
    {
      "type": "Feature",
      "geometry": {
        "type": "LineString",
        "coordinates": [
          [
            42.77989196777344,
            -73.50719451904297
          ],
          [
            42.76736831665039,
            -73.49779510498047
          ]
        ]
      },
      "properties": {
        "point_id": 421,
        "inlier": true,
        "score": 0.7547675967216492
      }
    },
    {
      "type": "Feature",
      "geometry": {
        "type": "LineString",
        "coordinates": [
          [
            42.78380584716797,
            -73.47607421875
          ],
          [
            42.77617263793945,
            -73.47303771972656
          ]
        ]
      },
      "properties": {
        "point_id": 422,
        "inlier": true,
        "score": 0.9892855286598206
      }
    },
    {
      "type": "Feature",
      "geometry": {
        "type": "LineString",
        "coordinates": [
          [
            42.75689697265625,
            -73.53449249267578
          ],
          [
            42.74584197998047,
            -73.51727294921875
          ]
        ]
      },
      "properties": {
        "point_id": 423,
        "inlier": false,
        "score": 0.33802714943885803
      }
    },
    {
      "type": "Feature",
      "geometry": {
        "type": "LineString",
        "coordinates": [
          [
            42.719032287597656,
            -73.4749984741211
          ],
          [
            42.71913146972656,
            -73.47108459472656
          ]
        ]
      },
      "properties": {
        "point_id": 424,
        "inlier": true,
        "score": 0.7373384237289429
      }
    },
    {
      "type": "Feature",
      "geometry": {
        "type": "LineString",
        "coordinates": [
          [
            42.777740478515625,
            -73.5095443725586
          ],
          [
            42.76531219482422,
            -73.49955749511719
          ]
        ]
      },
      "properties": {
        "point_id": 425,
        "inlier": true,
        "score": 0.6018478870391846
      }
    },
    {
      "type": "Feature",
      "geometry": {
        "type": "LineString",
        "coordinates": [
          [
            42.78546905517578,
            -73.46031951904297
          ],
          [
            42.78086853027344,
            -73.45954132080078
          ]
        ]
      },
      "properties": {
        "point_id": 426,
        "inlier": false,
        "score": 0.46174222230911255
      }
    },
    {
      "type": "Feature",
      "geometry": {
        "type": "LineString",
        "coordinates": [
          [
            42.71413803100586,
            -73.52666473388672
          ],
          [
            42.711692810058594,
            -73.5126724243164
          ]
        ]
      },
      "properties": {
        "point_id": 427,
        "inlier": true,
        "score": 0.519831657409668
      }
    },
    {
      "type": "Feature",
      "geometry": {
        "type": "LineString",
        "coordinates": [
          [
            42.7364501953125,
            -73.46208190917969
          ],
          [
            42.735958099365234,
            -73.45993041992188
          ]
        ]
      },
      "properties": {
        "point_id": 428,
        "inlier": false,
        "score": 0.6503571271896362
      }
    },
    {
      "type": "Feature",
      "geometry": {
        "type": "LineString",
        "coordinates": [
          [
            42.7807731628418,
            -73.45386505126953
          ],
          [
            42.77764129638672,
            -73.45356750488281
          ]
        ]
      },
      "properties": {
        "point_id": 429,
        "inlier": false,
        "score": 0.7794787883758545
      }
    },
    {
      "type": "Feature",
      "geometry": {
        "type": "LineString",
        "coordinates": [
          [
            42.71002960205078,
            -73.48194885253906
          ],
          [
            42.71012878417969,
            -73.47734832763672
          ]
        ]
      },
      "properties": {
        "point_id": 430,
        "inlier": true,
        "score": 0.5004339814186096
      }
    },
    {
      "type": "Feature",
      "geometry": {
        "type": "LineString",
        "coordinates": [
          [
            42.73830795288086,
            -73.49848175048828
          ],
          [
            42.73429489135742,
            -73.49134063720703
          ]
        ]
      },
      "properties": {
        "point_id": 431,
        "inlier": false,
        "score": 0.8410439491271973
      }
    },
    {
      "type": "Feature",
      "geometry": {
        "type": "LineString",
        "coordinates": [
          [
            42.76345443725586,
            -73.45758056640625
          ],
          [
            42.76188659667969,
            -73.45601654052734
          ]
        ]
      },
      "properties": {
        "point_id": 432,
        "inlier": false,
        "score": 0.323721706867218
      }
    },
    {
      "type": "Feature",
      "geometry": {
        "type": "LineString",
        "coordinates": [
          [
            42.741634368896484,
            -73.5115966796875
          ],
          [
            42.73564147949219,
            -73.5010757446289
          ]
        ]
      },
      "properties": {
        "point_id": 433,
        "inlier": true,
        "score": 0.3636972904205322
      }
    },
    {
      "type": "Feature",
      "geometry": {
        "type": "LineString",
        "coordinates": [
          [
            42.75768280029297,
            -73.49906921386719
          ],
          [
            42.75004959106445,
            -73.49143981933594
          ]
        ]
      },
      "properties": {
        "point_id": 434,
        "inlier": false,
        "score": 0.829442024230957
      }
    },
    {
      "type": "Feature",
      "geometry": {
        "type": "LineString",
        "coordinates": [
          [
            42.733707427978516,
            -73.48028564453125
          ],
          [
            42.7320442199707,
            -73.47627258300781
          ]
        ]
      },
      "properties": {
        "point_id": 435,
        "inlier": true,
        "score": 0.5015255212783813
      }
    },
    {
      "type": "Feature",
      "geometry": {
        "type": "LineString",
        "coordinates": [
          [
            42.78635025024414,
            -73.47137451171875
          ],
          [
            42.77891159057617,
            -73.46893310546875
          ]
        ]
      },
      "properties": {
        "point_id": 436,
        "inlier": false,
        "score": 0.8513225317001343
      }
    },
    {
      "type": "Feature",
      "geometry": {
        "type": "LineString",
        "coordinates": [
          [
            42.76873779296875,
            -73.47988891601562
          ],
          [
            42.762630462646484,
            -73.47600555419922
          ]
        ]
      },
      "properties": {
        "point_id": 437,
        "inlier": true,
        "score": 0.8217136859893799
      }
    },
    {
      "type": "Feature",
      "geometry": {
        "type": "LineString",
        "coordinates": [
          [
            42.735076904296875,
            -73.49838256835938
          ],
          [
            42.731163024902344,
            -73.49134063720703
          ]
        ]
      },
      "properties": {
        "point_id": 438,
        "inlier": false,
        "score": 0.2875460386276245
      }
    },
    {
      "type": "Feature",
      "geometry": {
        "type": "LineString",
        "coordinates": [
          [
            42.73615646362305,
            -73.47871398925781
          ],
          [
            42.73439407348633,
            -73.4749984741211
          ]
        ]
      },
      "properties": {
        "point_id": 439,
        "inlier": true,
        "score": 0.22844767570495605
      }
    },
    {
      "type": "Feature",
      "geometry": {
        "type": "LineString",
        "coordinates": [
          [
            42.78194808959961,
            -73.48096466064453
          ],
          [
            42.773590087890625,
            -73.47698974609375
          ]
        ]
      },
      "properties": {
        "point_id": 440,
        "inlier": true,
        "score": 0.9699475765228271
      }
    },
    {
      "type": "Feature",
      "geometry": {
        "type": "LineString",
        "coordinates": [
          [
            42.7936897277832,
            -73.48136138916016
          ],
          [
            42.78331756591797,
            -73.4776382446289
          ]
        ]
      },
      "properties": {
        "point_id": 441,
        "inlier": true,
        "score": 0.3943236768245697
      }
    },
    {
      "type": "Feature",
      "geometry": {
        "type": "LineString",
        "coordinates": [
          [
            42.752593994140625,
            -73.5011215209961
          ],
          [
            42.74574279785156,
            -73.49280548095703
          ]
        ]
      },
      "properties": {
        "point_id": 442,
        "inlier": false,
        "score": 0.3277775049209595
      }
    },
    {
      "type": "Feature",
      "geometry": {
        "type": "LineString",
        "coordinates": [
          [
            42.724021911621094,
            -73.45611572265625
          ],
          [
            42.72539138793945,
            -73.45386505126953
          ]
        ]
      },
      "properties": {
        "point_id": 443,
        "inlier": true,
        "score": 0.6053077578544617
      }
    },
    {
      "type": "Feature",
      "geometry": {
        "type": "LineString",
        "coordinates": [
          [
            42.72813034057617,
            -73.53361511230469
          ],
          [
            42.722652435302734,
            -73.51687622070312
          ]
        ]
      },
      "properties": {
        "point_id": 444,
        "inlier": true,
        "score": 0.30387288331985474
      }
    },
    {
      "type": "Feature",
      "geometry": {
        "type": "LineString",
        "coordinates": [
          [
            42.762474060058594,
            -73.4904556274414
          ],
          [
            42.7557258605957,
            -73.48507690429688
          ]
        ]
      },
      "properties": {
        "point_id": 445,
        "inlier": false,
        "score": 0.3808695375919342
      }
    },
    {
      "type": "Feature",
      "geometry": {
        "type": "LineString",
        "coordinates": [
          [
            42.76237869262695,
            -73.451416015625
          ],
          [
            42.76169204711914,
            -73.45072937011719
          ]
        ]
      },
      "properties": {
        "point_id": 446,
        "inlier": false,
        "score": 0.5113096833229065
      }
    },
    {
      "type": "Feature",
      "geometry": {
        "type": "LineString",
        "coordinates": [
          [
            42.764923095703125,
            -73.48096466064453
          ],
          [
            42.75914764404297,
            -73.47695922851562
          ]
        ]
      },
      "properties": {
        "point_id": 447,
        "inlier": true,
        "score": 0.5997948050498962
      }
    },
    {
      "type": "Feature",
      "geometry": {
        "type": "LineString",
        "coordinates": [
          [
            42.74584197998047,
            -73.49065399169922
          ],
          [
            42.74134063720703,
            -73.48507690429688
          ]
        ]
      },
      "properties": {
        "point_id": 448,
        "inlier": true,
        "score": 0.5278158187866211
      }
    },
    {
      "type": "Feature",
      "geometry": {
        "type": "LineString",
        "coordinates": [
          [
            42.75161361694336,
            -73.52979278564453
          ],
          [
            42.74222183227539,
            -73.5141372680664
          ]
        ]
      },
      "properties": {
        "point_id": 449,
        "inlier": false,
        "score": 0.48736464977264404
      }
    },
    {
      "type": "Feature",
      "geometry": {
        "type": "LineString",
        "coordinates": [
          [
            42.73468780517578,
            -73.47988891601562
          ],
          [
            42.732730865478516,
            -73.47578430175781
          ]
        ]
      },
      "properties": {
        "point_id": 450,
        "inlier": true,
        "score": 0.5551019906997681
      }
    },
    {
      "type": "Feature",
      "geometry": {
        "type": "LineString",
        "coordinates": [
          [
            42.76032257080078,
            -73.50249481201172
          ],
          [
            42.75230026245117,
            -73.49446868896484
          ]
        ]
      },
      "properties": {
        "point_id": 451,
        "inlier": false,
        "score": 0.5479609370231628
      }
    },
    {
      "type": "Feature",
      "geometry": {
        "type": "LineString",
        "coordinates": [
          [
            42.745941162109375,
            -73.47372436523438
          ],
          [
            42.7433967590332,
            -73.47049713134766
          ]
        ]
      },
      "properties": {
        "point_id": 452,
        "inlier": true,
        "score": 0.533051609992981
      }
    },
    {
      "type": "Feature",
      "geometry": {
        "type": "LineString",
        "coordinates": [
          [
            42.72108840942383,
            -73.54339599609375
          ],
          [
            42.71668243408203,
            -73.5235366821289
          ]
        ]
      },
      "properties": {
        "point_id": 453,
        "inlier": false,
        "score": 0.27650773525238037
      }
    },
    {
      "type": "Feature",
      "geometry": {
        "type": "LineString",
        "coordinates": [
          [
            42.72862243652344,
            -73.5387954711914
          ],
          [
            42.72323989868164,
            -73.52137756347656
          ]
        ]
      },
      "properties": {
        "point_id": 454,
        "inlier": false,
        "score": 0.24828477203845978
      }
    },
    {
      "type": "Feature",
      "geometry": {
        "type": "LineString",
        "coordinates": [
          [
            42.72646713256836,
            -73.49584197998047
          ],
          [
            42.72407150268555,
            -73.48896026611328
          ]
        ]
      },
      "properties": {
        "point_id": 455,
        "inlier": true,
        "score": 0.40129339694976807
      }
    },
    {
      "type": "Feature",
      "geometry": {
        "type": "LineString",
        "coordinates": [
          [
            42.77372741699219,
            -73.4627685546875
          ],
          [
            42.770057678222656,
            -73.4611587524414
          ]
        ]
      },
      "properties": {
        "point_id": 456,
        "inlier": true,
        "score": 0.9990943670272827
      }
    },
    {
      "type": "Feature",
      "geometry": {
        "type": "LineString",
        "coordinates": [
          [
            42.71413803100586,
            -73.53321838378906
          ],
          [
            42.7113037109375,
            -73.51727294921875
          ]
        ]
      },
      "properties": {
        "point_id": 457,
        "inlier": true,
        "score": 0.8405553698539734
      }
    },
    {
      "type": "Feature",
      "geometry": {
        "type": "LineString",
        "coordinates": [
          [
            42.78703308105469,
            -73.47088623046875
          ],
          [
            42.77989196777344,
            -73.46853637695312
          ]
        ]
      },
      "properties": {
        "point_id": 458,
        "inlier": true,
        "score": 0.4699971079826355
      }
    },
    {
      "type": "Feature",
      "geometry": {
        "type": "LineString",
        "coordinates": [
          [
            42.75366973876953,
            -73.50660705566406
          ],
          [
            42.746036529541016,
            -73.49681854248047
          ]
        ]
      },
      "properties": {
        "point_id": 459,
        "inlier": false,
        "score": 0.28697267174720764
      }
    },
    {
      "type": "Feature",
      "geometry": {
        "type": "LineString",
        "coordinates": [
          [
            42.7625732421875,
            -73.45758056640625
          ],
          [
            42.761009216308594,
            -73.45611572265625
          ]
        ]
      },
      "properties": {
        "point_id": 460,
        "inlier": true,
        "score": 0.3418012261390686
      }
    },
    {
      "type": "Feature",
      "geometry": {
        "type": "LineString",
        "coordinates": [
          [
            42.72343444824219,
            -73.47832489013672
          ],
          [
            42.723140716552734,
            -73.47412109375
          ]
        ]
      },
      "properties": {
        "point_id": 461,
        "inlier": false,
        "score": 0.5369171500205994
      }
    },
    {
      "type": "Feature",
      "geometry": {
        "type": "LineString",
        "coordinates": [
          [
            42.76971435546875,
            -73.53410339355469
          ],
          [
            42.75552749633789,
            -73.51678466796875
          ]
        ]
      },
      "properties": {
        "point_id": 462,
        "inlier": true,
        "score": 0.9505888819694519
      }
    },
    {
      "type": "Feature",
      "geometry": {
        "type": "LineString",
        "coordinates": [
          [
            42.753963470458984,
            -73.4754867553711
          ],
          [
            42.750831604003906,
            -73.47206115722656
          ]
        ]
      },
      "properties": {
        "point_id": 463,
        "inlier": false,
        "score": 0.9778730869293213
      }
    },
    {
      "type": "Feature",
      "geometry": {
        "type": "LineString",
        "coordinates": [
          [
            42.77989196777344,
            -73.48136138916016
          ],
          [
            42.77184295654297,
            -73.47736358642578
          ]
        ]
      },
      "properties": {
        "point_id": 464,
        "inlier": true,
        "score": 0.998328685760498
      }
    },
    {
      "type": "Feature",
      "geometry": {
        "type": "LineString",
        "coordinates": [
          [
            42.74310302734375,
            -73.49838256835938
          ],
          [
            42.73830795288086,
            -73.49134063720703
          ]
        ]
      },
      "properties": {
        "point_id": 465,
        "inlier": false,
        "score": 0.829483151435852
      }
    },
    {
      "type": "Feature",
      "geometry": {
        "type": "LineString",
        "coordinates": [
          [
            42.75934600830078,
            -73.474609375
          ],
          [
            42.755332946777344,
            -73.47137451171875
          ]
        ]
      },
      "properties": {
        "point_id": 466,
        "inlier": true,
        "score": 0.9988910555839539
      }
    },
    {
      "type": "Feature",
      "geometry": {
        "type": "LineString",
        "coordinates": [
          [
            42.7186393737793,
            -73.4977035522461
          ],
          [
            42.7171745300293,
            -73.49055480957031
          ]
        ]
      },
      "properties": {
        "point_id": 467,
        "inlier": true,
        "score": 0.7597856521606445
      }
    },
    {
      "type": "Feature",
      "geometry": {
        "type": "LineString",
        "coordinates": [
          [
            42.767173767089844,
            -73.48517608642578
          ],
          [
            42.760223388671875,
            -73.48067474365234
          ]
        ]
      },
      "properties": {
        "point_id": 468,
        "inlier": false,
        "score": 0.9009634852409363
      }
    },
    {
      "type": "Feature",
      "geometry": {
        "type": "LineString",
        "coordinates": [
          [
            42.74456787109375,
            -73.452880859375
          ],
          [
            42.745155334472656,
            -73.4513168334961
          ]
        ]
      },
      "properties": {
        "point_id": 469,
        "inlier": true,
        "score": 0.9942535161972046
      }
    },
    {
      "type": "Feature",
      "geometry": {
        "type": "LineString",
        "coordinates": [
          [
            42.77147674560547,
            -73.50376892089844
          ],
          [
            42.76091003417969,
            -73.49535369873047
          ]
        ]
      },
      "properties": {
        "point_id": 470,
        "inlier": false,
        "score": 0.44278010725975037
      }
    },
    {
      "type": "Feature",
      "geometry": {
        "type": "LineString",
        "coordinates": [
          [
            42.771087646484375,
            -73.50778198242188
          ],
          [
            42.76042175292969,
            -73.49809265136719
          ]
        ]
      },
      "properties": {
        "point_id": 471,
        "inlier": true,
        "score": 0.874286949634552
      }
    },
    {
      "type": "Feature",
      "geometry": {
        "type": "LineString",
        "coordinates": [
          [
            42.724998474121094,
            -73.45523071289062
          ],
          [
            42.726078033447266,
            -73.45317840576172
          ]
        ]
      },
      "properties": {
        "point_id": 472,
        "inlier": true,
        "score": 0.48417267203330994
      }
    },
    {
      "type": "Feature",
      "geometry": {
        "type": "LineString",
        "coordinates": [
          [
            42.78380584716797,
            -73.51277160644531
          ],
          [
            42.76961898803711,
            -73.50161743164062
          ]
        ]
      },
      "properties": {
        "point_id": 473,
        "inlier": true,
        "score": 0.3555629551410675
      }
    },
    {
      "type": "Feature",
      "geometry": {
        "type": "LineString",
        "coordinates": [
          [
            42.73488235473633,
            -73.48047637939453
          ],
          [
            42.732730865478516,
            -73.4765625
          ]
        ]
      },
      "properties": {
        "point_id": 474,
        "inlier": false,
        "score": 0.4711693525314331
      }
    },
    {
      "type": "Feature",
      "geometry": {
        "type": "LineString",
        "coordinates": [
          [
            42.71638870239258,
            -73.46814727783203
          ],
          [
            42.71707534790039,
            -73.46492004394531
          ]
        ]
      },
      "properties": {
        "point_id": 475,
        "inlier": true,
        "score": 0.9914894104003906
      }
    },
    {
      "type": "Feature",
      "geometry": {
        "type": "LineString",
        "coordinates": [
          [
            42.74613571166992,
            -73.4889907836914
          ],
          [
            42.742122650146484,
            -73.48351287841797
          ]
        ]
      },
      "properties": {
        "point_id": 476,
        "inlier": true,
        "score": 0.4424918293952942
      }
    },
    {
      "type": "Feature",
      "geometry": {
        "type": "LineString",
        "coordinates": [
          [
            42.712379455566406,
            -73.51863861083984
          ],
          [
            42.71022415161133,
            -73.50670623779297
          ]
        ]
      },
      "properties": {
        "point_id": 477,
        "inlier": false,
        "score": 0.47413936257362366
      }
    },
    {
      "type": "Feature",
      "geometry": {
        "type": "LineString",
        "coordinates": [
          [
            42.741241455078125,
            -73.52705383300781
          ],
          [
            42.73380661010742,
            -73.51228332519531
          ]
        ]
      },
      "properties": {
        "point_id": 478,
        "inlier": true,
        "score": 0.2932606339454651
      }
    },
    {
      "type": "Feature",
      "geometry": {
        "type": "LineString",
        "coordinates": [
          [
            42.79300308227539,
            -73.46903228759766
          ],
          [
            42.78517532348633,
            -73.46707153320312
          ]
        ]
      },
      "properties": {
        "point_id": 479,
        "inlier": true,
        "score": 0.6560800075531006
      }
    },
    {
      "type": "Feature",
      "geometry": {
        "type": "LineString",
        "coordinates": [
          [
            42.78409957885742,
            -73.45944213867188
          ],
          [
            42.77949905395508,
            -73.45865631103516
          ]
        ]
      },
      "properties": {
        "point_id": 480,
        "inlier": true,
        "score": 0.8549045920372009
      }
    },
    {
      "type": "Feature",
      "geometry": {
        "type": "LineString",
        "coordinates": [
          [
            42.78801345825195,
            -73.50347137451172
          ],
          [
            42.77470779418945,
            -73.49476623535156
          ]
        ]
      },
      "properties": {
        "point_id": 481,
        "inlier": true,
        "score": 0.44064420461654663
      }
    },
    {
      "type": "Feature",
      "geometry": {
        "type": "LineString",
        "coordinates": [
          [
            42.7320442199707,
            -73.51384735107422
          ],
          [
            42.72734832763672,
            -73.50308227539062
          ]
        ]
      },
      "properties": {
        "point_id": 482,
        "inlier": true,
        "score": 0.5147102475166321
      }
    },
    {
      "type": "Feature",
      "geometry": {
        "type": "LineString",
        "coordinates": [
          [
            42.79300308227539,
            -73.49681854248047
          ],
          [
            42.779563903808594,
            -73.48981475830078
          ]
        ]
      },
      "properties": {
        "point_id": 483,
        "inlier": true,
        "score": 0.5177069902420044
      }
    },
    {
      "type": "Feature",
      "geometry": {
        "type": "LineString",
        "coordinates": [
          [
            42.7945671081543,
            -73.48223876953125
          ],
          [
            42.783905029296875,
            -73.47832489013672
          ]
        ]
      },
      "properties": {
        "point_id": 484,
        "inlier": true,
        "score": 0.6505310535430908
      }
    },
    {
      "type": "Feature",
      "geometry": {
        "type": "LineString",
        "coordinates": [
          [
            42.74143981933594,
            -73.5013198852539
          ],
          [
            42.73674011230469,
            -73.49329376220703
          ]
        ]
      },
      "properties": {
        "point_id": 485,
        "inlier": true,
        "score": 0.9886417984962463
      }
    },
    {
      "type": "Feature",
      "geometry": {
        "type": "LineString",
        "coordinates": [
          [
            42.741146087646484,
            -73.45269012451172
          ],
          [
            42.74143981933594,
            -73.45121765136719
          ]
        ]
      },
      "properties": {
        "point_id": 486,
        "inlier": false,
        "score": 0.3070617616176605
      }
    },
    {
      "type": "Feature",
      "geometry": {
        "type": "LineString",
        "coordinates": [
          [
            42.776466369628906,
            -73.49604034423828
          ],
          [
            42.76619338989258,
            -73.4889907836914
          ]
        ]
      },
      "properties": {
        "point_id": 487,
        "inlier": false,
        "score": 0.439612478017807
      }
    },
    {
      "type": "Feature",
      "geometry": {
        "type": "LineString",
        "coordinates": [
          [
            42.79319763183594,
            -73.46804809570312
          ],
          [
            42.785518646240234,
            -73.46607208251953
          ]
        ]
      },
      "properties": {
        "point_id": 488,
        "inlier": false,
        "score": 0.4186290502548218
      }
    },
    {
      "type": "Feature",
      "geometry": {
        "type": "LineString",
        "coordinates": [
          [
            42.78194808959961,
            -73.51404571533203
          ],
          [
            42.7679557800293,
            -73.50259399414062
          ]
        ]
      },
      "properties": {
        "point_id": 489,
        "inlier": true,
        "score": 0.5370370745658875
      }
    },
    {
      "type": "Feature",
      "geometry": {
        "type": "LineString",
        "coordinates": [
          [
            42.75728988647461,
            -73.5362548828125
          ],
          [
            42.74557113647461,
            -73.51885986328125
          ]
        ]
      },
      "properties": {
        "point_id": 490,
        "inlier": false,
        "score": 0.32308533787727356
      }
    },
    {
      "type": "Feature",
      "geometry": {
        "type": "LineString",
        "coordinates": [
          [
            42.72167205810547,
            -73.46051788330078
          ],
          [
            42.722652435302734,
            -73.45826721191406
          ]
        ]
      },
      "properties": {
        "point_id": 491,
        "inlier": true,
        "score": 0.36760973930358887
      }
    },
    {
      "type": "Feature",
      "geometry": {
        "type": "LineString",
        "coordinates": [
          [
            42.735958099365234,
            -73.47969818115234
          ],
          [
            42.73439407348633,
            -73.4754867553711
          ]
        ]
      },
      "properties": {
        "point_id": 492,
        "inlier": false,
        "score": 0.4501952826976776
      }
    },
    {
      "type": "Feature",
      "geometry": {
        "type": "LineString",
        "coordinates": [
          [
            42.793785095214844,
            -73.49691772460938
          ],
          [
            42.78021240234375,
            -73.48979949951172
          ]
        ]
      },
      "properties": {
        "point_id": 493,
        "inlier": true,
        "score": 0.46809592843055725
      }
    },
    {
      "type": "Feature",
      "geometry": {
        "type": "LineString",
        "coordinates": [
          [
            42.717857360839844,
            -73.49466705322266
          ],
          [
            42.71668243408203,
            -73.48820495605469
          ]
        ]
      },
      "properties": {
        "point_id": 494,
        "inlier": true,
        "score": 0.6381832957267761
      }
    },
    {
      "type": "Feature",
      "geometry": {
        "type": "LineString",
        "coordinates": [
          [
            42.710811614990234,
            -73.45806884765625
          ],
          [
            42.712379455566406,
            -73.45552825927734
          ]
        ]
      },
      "properties": {
        "point_id": 495,
        "inlier": true,
        "score": 0.500300943851471
      }
    },
    {
      "type": "Feature",
      "geometry": {
        "type": "LineString",
        "coordinates": [
          [
            42.76648712158203,
            -73.4889907836914
          ],
          [
            42.75934600830078,
            -73.48361206054688
          ]
        ]
      },
      "properties": {
        "point_id": 496,
        "inlier": true,
        "score": 0.9805185198783875
      }
    },
    {
      "type": "Feature",
      "geometry": {
        "type": "LineString",
        "coordinates": [
          [
            42.73077392578125,
            -73.49075317382812
          ],
          [
            42.728328704833984,
            -73.48468780517578
          ]
        ]
      },
      "properties": {
        "point_id": 497,
        "inlier": true,
        "score": 0.8750143647193909
      }
    },
    {
      "type": "Feature",
      "geometry": {
        "type": "LineString",
        "coordinates": [
          [
            42.780479431152344,
            -73.501220703125
          ],
          [
            42.7690315246582,
            -73.49290466308594
          ]
        ]
      },
      "properties": {
        "point_id": 498,
        "inlier": false,
        "score": 0.5368308424949646
      }
    },
    {
      "type": "Feature",
      "geometry": {
        "type": "LineString",
        "coordinates": [
          [
            42.75239562988281,
            -73.53126525878906
          ],
          [
            42.742122650146484,
            -73.51492309570312
          ]
        ]
      },
      "properties": {
        "point_id": 499,
        "inlier": true,
        "score": 0.8769952654838562
      }
    },
    {
      "type": "Feature",
      "geometry": {
        "type": "LineString",
        "coordinates": [
          [
            42.76521682739258,
            -73.53282928466797
          ],
          [
            42.75190734863281,
            -73.51619720458984
          ]
        ]
      },
      "properties": {
        "point_id": 500,
        "inlier": false,
        "score": 0.9395012855529785
      }
    },
    {
      "type": "Feature",
      "geometry": {
        "type": "LineString",
        "coordinates": [
          [
            42.76218032836914,
            -73.51404571533203
          ],
          [
            42.75210189819336,
            -73.50298309326172
          ]
        ]
      },
      "properties": {
        "point_id": 501,
        "inlier": true,
        "score": 0.42786815762519836
      }
    },
    {
      "type": "Feature",
      "geometry": {
        "type": "LineString",
        "coordinates": [
          [
            42.71521759033203,
            -73.46257019042969
          ],
          [
            42.71638870239258,
            -73.46002960205078
          ]
        ]
      },
      "properties": {
        "point_id": 502,
        "inlier": true,
        "score": 0.779631495475769
      }
    },
    {
      "type": "Feature",
      "geometry": {
        "type": "LineString",
        "coordinates": [
          [
            42.708560943603516,
            -73.52088928222656
          ],
          [
            42.707096099853516,
            -73.50827026367188
          ]
        ]
      },
      "properties": {
        "point_id": 503,
        "inlier": true,
        "score": 0.28115737438201904
      }
    },
    {
      "type": "Feature",
      "geometry": {
        "type": "LineString",
        "coordinates": [
          [
            42.72490310668945,
            -73.4764633178711
          ],
          [
            42.72427749633789,
            -73.47258758544922
          ]
        ]
      },
      "properties": {
        "point_id": 504,
        "inlier": true,
        "score": 0.6798876523971558
      }
    },
    {
      "type": "Feature",
      "geometry": {
        "type": "LineString",
        "coordinates": [
          [
            42.749656677246094,
            -73.52079010009766
          ],
          [
            42.741146087646484,
            -73.50778198242188
          ]
        ]
      },
      "properties": {
        "point_id": 505,
        "inlier": true,
        "score": 0.3592892587184906
      }
    },
    {
      "type": "Feature",
      "geometry": {
        "type": "LineString",
        "coordinates": [
          [
            42.74897384643555,
            -73.52412414550781
          ],
          [
            42.74036407470703,
            -73.5105209350586
          ]
        ]
      },
      "properties": {
        "point_id": 506,
        "inlier": false,
        "score": 0.23053693771362305
      }
    },
    {
      "type": "Feature",
      "geometry": {
        "type": "LineString",
        "coordinates": [
          [
            42.70924758911133,
            -73.5383071899414
          ],
          [
            42.7068977355957,
            -73.52050018310547
          ]
        ]
      },
      "properties": {
        "point_id": 507,
        "inlier": true,
        "score": 0.4094375967979431
      }
    },
    {
      "type": "Feature",
      "geometry": {
        "type": "LineString",
        "coordinates": [
          [
            42.708560943603516,
            -73.5252914428711
          ],
          [
            42.70699691772461,
            -73.5119857788086
          ]
        ]
      },
      "properties": {
        "point_id": 508,
        "inlier": false,
        "score": 0.6227185726165771
      }
    },
    {
      "type": "Feature",
      "geometry": {
        "type": "LineString",
        "coordinates": [
          [
            42.740753173828125,
            -73.46883392333984
          ],
          [
            42.73944091796875,
            -73.46601104736328
          ]
        ]
      },
      "properties": {
        "point_id": 509,
        "inlier": true,
        "score": 0.8469774127006531
      }
    },
    {
      "type": "Feature",
      "geometry": {
        "type": "LineString",
        "coordinates": [
          [
            42.74192810058594,
            -73.5126724243164
          ],
          [
            42.73527526855469,
            -73.50220489501953
          ]
        ]
      },
      "properties": {
        "point_id": 510,
        "inlier": false,
        "score": 0.31514960527420044
      }
    },
    {
      "type": "Feature",
      "geometry": {
        "type": "LineString",
        "coordinates": [
          [
            42.76824951171875,
            -73.46824645996094
          ],
          [
            42.764041900634766,
            -73.46589660644531
          ]
        ]
      },
      "properties": {
        "point_id": 511,
        "inlier": true,
        "score": 0.9585018157958984
      }
    },
    {
      "type": "Feature",
      "geometry": {
        "type": "LineString",
        "coordinates": [
          [
            42.720401763916016,
            -73.47793579101562
          ],
          [
            42.720008850097656,
            -73.4740219116211
          ]
        ]
      },
      "properties": {
        "point_id": 512,
        "inlier": true,
        "score": 0.7452917695045471
      }
    },
    {
      "type": "Feature",
      "geometry": {
        "type": "LineString",
        "coordinates": [
          [
            42.774803161621094,
            -73.45679473876953
          ],
          [
            42.771575927734375,
            -73.45561981201172
          ]
        ]
      },
      "properties": {
        "point_id": 513,
        "inlier": false,
        "score": 0.8067169785499573
      }
    },
    {
      "type": "Feature",
      "geometry": {
        "type": "LineString",
        "coordinates": [
          [
            42.75298309326172,
            -73.4756851196289
          ],
          [
            42.749855041503906,
            -73.47254943847656
          ]
        ]
      },
      "properties": {
        "point_id": 514,
        "inlier": false,
        "score": 0.36164361238479614
      }
    },
    {
      "type": "Feature",
      "geometry": {
        "type": "LineString",
        "coordinates": [
          [
            42.72852325439453,
            -73.5342025756836
          ],
          [
            42.723045349121094,
            -73.51737213134766
          ]
        ]
      },
      "properties": {
        "point_id": 515,
        "inlier": true,
        "score": 0.45525872707366943
      }
    },
    {
      "type": "Feature",
      "geometry": {
        "type": "LineString",
        "coordinates": [
          [
            42.753570556640625,
            -73.501220703125
          ],
          [
            42.74672317504883,
            -73.49290466308594
          ]
        ]
      },
      "properties": {
        "point_id": 516,
        "inlier": false,
        "score": 0.44725367426872253
      }
    },
    {
      "type": "Feature",
      "geometry": {
        "type": "LineString",
        "coordinates": [
          [
            42.75944137573242,
            -73.50601959228516
          ],
          [
            42.750831604003906,
            -73.49681854248047
          ]
        ]
      },
      "properties": {
        "point_id": 517,
        "inlier": true,
        "score": 0.4001341760158539
      }
    },
    {
      "type": "Feature",
      "geometry": {
        "type": "LineString",
        "coordinates": [
          [
            42.78341293334961,
            -73.45885467529297
          ],
          [
            42.77930450439453,
            -73.45806884765625
          ]
        ]
      },
      "properties": {
        "point_id": 518,
        "inlier": true,
        "score": 0.7464163303375244
      }
    },
    {
      "type": "Feature",
      "geometry": {
        "type": "LineString",
        "coordinates": [
          [
            42.78860092163086,
            -73.46922302246094
          ],
          [
            42.7812614440918,
            -73.46736907958984
          ]
        ]
      },
      "properties": {
        "point_id": 519,
        "inlier": false,
        "score": 0.3784743547439575
      }
    },
    {
      "type": "Feature",
      "geometry": {
        "type": "LineString",
        "coordinates": [
          [
            42.7442741394043,
            -73.4874267578125
          ],
          [
            42.74045944213867,
            -73.48194885253906
          ]
        ]
      },
      "properties": {
        "point_id": 520,
        "inlier": true,
        "score": 0.771599292755127
      }
    },
    {
      "type": "Feature",
      "geometry": {
        "type": "LineString",
        "coordinates": [
          [
            42.731361389160156,
            -73.4641342163086
          ],
          [
            42.7315559387207,
            -73.46159362792969
          ]
        ]
      },
      "properties": {
        "point_id": 521,
        "inlier": true,
        "score": 0.5673544406890869
      }
    },
    {
      "type": "Feature",
      "geometry": {
        "type": "LineString",
        "coordinates": [
          [
            42.78116226196289,
            -73.52686309814453
          ],
          [
            42.764923095703125,
            -73.5119857788086
          ]
        ]
      },
      "properties": {
        "point_id": 522,
        "inlier": false,
        "score": 0.3519352078437805
      }
    },
    {
      "type": "Feature",
      "geometry": {
        "type": "LineString",
        "coordinates": [
          [
            42.71139907836914,
            -73.49906921386719
          ],
          [
            42.71042251586914,
            -73.49172973632812
          ]
        ]
      },
      "properties": {
        "point_id": 523,
        "inlier": true,
        "score": 0.20311929285526276
      }
    },
    {
      "type": "Feature",
      "geometry": {
        "type": "LineString",
        "coordinates": [
          [
            42.75895309448242,
            -73.45875549316406
          ],
          [
            42.757484436035156,
            -73.45729064941406
          ]
        ]
      },
      "properties": {
        "point_id": 524,
        "inlier": true,
        "score": 0.7061561346054077
      }
    },
    {
      "type": "Feature",
      "geometry": {
        "type": "LineString",
        "coordinates": [
          [
            42.72333526611328,
            -73.54144287109375
          ],
          [
            42.71795654296875,
            -73.5224609375
          ]
        ]
      },
      "properties": {
        "point_id": 525,
        "inlier": false,
        "score": 0.27558985352516174
      }
    },
    {
      "type": "Feature",
      "geometry": {
        "type": "LineString",
        "coordinates": [
          [
            42.7320442199707,
            -73.5146255493164
          ],
          [
            42.72734832763672,
            -73.50366973876953
          ]
        ]
      },
      "properties": {
        "point_id": 526,
        "inlier": true,
        "score": 0.6861585974693298
      }
    },
    {
      "type": "Feature",
      "geometry": {
        "type": "LineString",
        "coordinates": [
          [
            42.77519607543945,
            -73.47822570800781
          ],
          [
            42.76834487915039,
            -73.47480010986328
          ]
        ]
      },
      "properties": {
        "point_id": 527,
        "inlier": true,
        "score": 0.9957059025764465
      }
    },
    {
      "type": "Feature",
      "geometry": {
        "type": "LineString",
        "coordinates": [
          [
            42.77803421020508,
            -73.47039794921875
          ],
          [
            42.77235794067383,
            -73.46814727783203
          ]
        ]
      },
      "properties": {
        "point_id": 528,
        "inlier": true,
        "score": 0.9943097829818726
      }
    },
    {
      "type": "Feature",
      "geometry": {
        "type": "LineString",
        "coordinates": [
          [
            42.72147750854492,
            -73.54251861572266
          ],
          [
            42.71678161621094,
            -73.52304077148438
          ]
        ]
      },
      "properties": {
        "point_id": 529,
        "inlier": true,
        "score": 0.33060598373413086
      }
    },
    {
      "type": "Feature",
      "geometry": {
        "type": "LineString",
        "coordinates": [
          [
            42.71932601928711,
            -73.50778198242188
          ],
          [
            42.716976165771484,
            -73.49838256835938
          ]
        ]
      },
      "properties": {
        "point_id": 530,
        "inlier": true,
        "score": 0.721269965171814
      }
    },
    {
      "type": "Feature",
      "geometry": {
        "type": "LineString",
        "coordinates": [
          [
            42.73439407348633,
            -73.49995422363281
          ],
          [
            42.7304801940918,
            -73.49212646484375
          ]
        ]
      },
      "properties": {
        "point_id": 531,
        "inlier": true,
        "score": 0.8039053678512573
      }
    },
    {
      "type": "Feature",
      "geometry": {
        "type": "LineString",
        "coordinates": [
          [
            42.74564743041992,
            -73.49006652832031
          ],
          [
            42.74143981933594,
            -73.48439025878906
          ]
        ]
      },
      "properties": {
        "point_id": 532,
        "inlier": true,
        "score": 0.4980156719684601
      }
    },
    {
      "type": "Feature",
      "geometry": {
        "type": "LineString",
        "coordinates": [
          [
            42.78977584838867,
            -73.47627258300781
          ],
          [
            42.78116226196289,
            -73.47333526611328
          ]
        ]
      },
      "properties": {
        "point_id": 533,
        "inlier": true,
        "score": 0.9147917628288269
      }
    },
    {
      "type": "Feature",
      "geometry": {
        "type": "LineString",
        "coordinates": [
          [
            42.76462936401367,
            -73.47382354736328
          ],
          [
            42.76007080078125,
            -73.4706039428711
          ]
        ]
      },
      "properties": {
        "point_id": 534,
        "inlier": true,
        "score": 0.9938727617263794
      }
    },
    {
      "type": "Feature",
      "geometry": {
        "type": "LineString",
        "coordinates": [
          [
            42.71296691894531,
            -73.54300689697266
          ],
          [
            42.71002960205078,
            -73.52372741699219
          ]
        ]
      },
      "properties": {
        "point_id": 535,
        "inlier": true,
        "score": 0.7586024403572083
      }
    },
    {
      "type": "Feature",
      "geometry": {
        "type": "LineString",
        "coordinates": [
          [
            42.72187042236328,
            -73.46139526367188
          ],
          [
            42.723045349121094,
            -73.45885467529297
          ]
        ]
      },
      "properties": {
        "point_id": 536,
        "inlier": false,
        "score": 0.3539077341556549
      }
    },
    {
      "type": "Feature",
      "geometry": {
        "type": "LineString",
        "coordinates": [
          [
            42.78468704223633,
            -73.53948211669922
          ],
          [
            42.76619338989258,
            -73.52011108398438
          ]
        ]
      },
      "properties": {
        "point_id": 537,
        "inlier": true,
        "score": 0.6764671802520752
      }
    },
    {
      "type": "Feature",
      "geometry": {
        "type": "LineString",
        "coordinates": [
          [
            42.78155517578125,
            -73.48233795166016
          ],
          [
            42.772945404052734,
            -73.47803497314453
          ]
        ]
      },
      "properties": {
        "point_id": 538,
        "inlier": true,
        "score": 0.7428457140922546
      }
    },
    {
      "type": "Feature",
      "geometry": {
        "type": "LineString",
        "coordinates": [
          [
            42.72862243652344,
            -73.53028869628906
          ],
          [
            42.72333526611328,
            -73.51453399658203
          ]
        ]
      },
      "properties": {
        "point_id": 539,
        "inlier": true,
        "score": 0.8678221106529236
      }
    },
    {
      "type": "Feature",
      "geometry": {
        "type": "LineString",
        "coordinates": [
          [
            42.734588623046875,
            -73.53977966308594
          ],
          [
            42.727935791015625,
            -73.52118682861328
          ]
        ]
      },
      "properties": {
        "point_id": 540,
        "inlier": false,
        "score": 0.5009734630584717
      }
    },
    {
      "type": "Feature",
      "geometry": {
        "type": "LineString",
        "coordinates": [
          [
            42.7690315246582,
            -73.54515838623047
          ],
          [
            42.753082275390625,
            -73.5240249633789
          ]
        ]
      },
      "properties": {
        "point_id": 541,
        "inlier": false,
        "score": 0.21429449319839478
      }
    },
    {
      "type": "Feature",
      "geometry": {
        "type": "LineString",
        "coordinates": [
          [
            42.73908996582031,
            -73.52970123291016
          ],
          [
            42.7320442199707,
            -73.51384735107422
          ]
        ]
      },
      "properties": {
        "point_id": 542,
        "inlier": false,
        "score": 0.5952984094619751
      }
    },
    {
      "type": "Feature",
      "geometry": {
        "type": "LineString",
        "coordinates": [
          [
            42.79740524291992,
            -73.47724914550781
          ],
          [
            42.78742599487305,
            -73.47412109375
          ]
        ]
      },
      "properties": {
        "point_id": 543,
        "inlier": true,
        "score": 0.5842220187187195
      }
    },
    {
      "type": "Feature",
      "geometry": {
        "type": "LineString",
        "coordinates": [
          [
            42.70073318481445,
            -73.51873779296875
          ],
          [
            42.70083236694336,
            -73.50699615478516
          ]
        ]
      },
      "properties": {
        "point_id": 544,
        "inlier": false,
        "score": 0.920728862285614
      }
    },
    {
      "type": "Feature",
      "geometry": {
        "type": "LineString",
        "coordinates": [
          [
            42.74887466430664,
            -73.4745101928711
          ],
          [
            42.746036529541016,
            -73.47118377685547
          ]
        ]
      },
      "properties": {
        "point_id": 545,
        "inlier": true,
        "score": 0.9563927054405212
      }
    },
    {
      "type": "Feature",
      "geometry": {
        "type": "LineString",
        "coordinates": [
          [
            42.71638870239258,
            -73.4631576538086
          ],
          [
            42.7171745300293,
            -73.46031951904297
          ]
        ]
      },
      "properties": {
        "point_id": 546,
        "inlier": true,
        "score": 0.6045567393302917
      }
    },
    {
      "type": "Feature",
      "geometry": {
        "type": "LineString",
        "coordinates": [
          [
            42.71883773803711,
            -73.51658630371094
          ],
          [
            42.71590042114258,
            -73.50484466552734
          ]
        ]
      },
      "properties": {
        "point_id": 547,
        "inlier": false,
        "score": 0.5106709003448486
      }
    },
    {
      "type": "Feature",
      "geometry": {
        "type": "LineString",
        "coordinates": [
          [
            42.748680114746094,
            -73.47803497314453
          ],
          [
            42.745548248291016,
            -73.4740219116211
          ]
        ]
      },
      "properties": {
        "point_id": 548,
        "inlier": true,
        "score": 0.9281153082847595
      }
    },
    {
      "type": "Feature",
      "geometry": {
        "type": "LineString",
        "coordinates": [
          [
            42.790164947509766,
            -73.52656555175781
          ],
          [
            42.772552490234375,
            -73.5116958618164
          ]
        ]
      },
      "properties": {
        "point_id": 549,
        "inlier": false,
        "score": 0.5197405815124512
      }
    },
    {
      "type": "Feature",
      "geometry": {
        "type": "LineString",
        "coordinates": [
          [
            42.71629333496094,
            -73.50797271728516
          ],
          [
            42.71482467651367,
            -73.49897003173828
          ]
        ]
      },
      "properties": {
        "point_id": 550,
        "inlier": false,
        "score": 0.2361001819372177
      }
    },
    {
      "type": "Feature",
      "geometry": {
        "type": "LineString",
        "coordinates": [
          [
            42.71707534790039,
            -73.49261474609375
          ],
          [
            42.715999603271484,
            -73.48615264892578
          ]
        ]
      },
      "properties": {
        "point_id": 551,
        "inlier": true,
        "score": 0.7326647639274597
      }
    },
    {
      "type": "Feature",
      "geometry": {
        "type": "LineString",
        "coordinates": [
          [
            42.743690490722656,
            -73.46609497070312
          ],
          [
            42.742122650146484,
            -73.46394348144531
          ]
        ]
      },
      "properties": {
        "point_id": 552,
        "inlier": false,
        "score": 0.48450037837028503
      }
    },
    {
      "type": "Feature",
      "geometry": {
        "type": "LineString",
        "coordinates": [
          [
            42.77050018310547,
            -73.54486846923828
          ],
          [
            42.754058837890625,
            -73.52362823486328
          ]
        ]
      },
      "properties": {
        "point_id": 553,
        "inlier": false,
        "score": 0.3090052902698517
      }
    },
    {
      "type": "Feature",
      "geometry": {
        "type": "LineString",
        "coordinates": [
          [
            42.72803497314453,
            -73.49515533447266
          ],
          [
            42.72578430175781,
            -73.4883041381836
          ]
        ]
      },
      "properties": {
        "point_id": 554,
        "inlier": true,
        "score": 0.9296409487724304
      }
    },
    {
      "type": "Feature",
      "geometry": {
        "type": "LineString",
        "coordinates": [
          [
            42.757972717285156,
            -73.53439331054688
          ],
          [
            42.746524810791016,
            -73.51727294921875
          ]
        ]
      },
      "properties": {
        "point_id": 555,
        "inlier": true,
        "score": 0.6009891033172607
      }
    },
    {
      "type": "Feature",
      "geometry": {
        "type": "LineString",
        "coordinates": [
          [
            42.72852325439453,
            -73.54154205322266
          ],
          [
            42.722652435302734,
            -73.52265167236328
          ]
        ]
      },
      "properties": {
        "point_id": 556,
        "inlier": true,
        "score": 0.8626418709754944
      }
    },
    {
      "type": "Feature",
      "geometry": {
        "type": "LineString",
        "coordinates": [
          [
            42.74681854248047,
            -73.46678161621094
          ],
          [
            42.74525451660156,
            -73.46404266357422
          ]
        ]
      },
      "properties": {
        "point_id": 557,
        "inlier": false,
        "score": 0.5459452867507935
      }
    },
    {
      "type": "Feature",
      "geometry": {
        "type": "LineString",
        "coordinates": [
          [
            42.732337951660156,
            -73.54339599609375
          ],
          [
            42.724998474121094,
            -73.5240249633789
          ]
        ]
      },
      "properties": {
        "point_id": 558,
        "inlier": false,
        "score": 0.3003550171852112
      }
    },
    {
      "type": "Feature",
      "geometry": {
        "type": "LineString",
        "coordinates": [
          [
            42.76873779296875,
            -73.51687622070312
          ],
          [
            42.75709533691406,
            -73.50474548339844
          ]
        ]
      },
      "properties": {
        "point_id": 559,
        "inlier": true,
        "score": 0.34800243377685547
      }
    },
    {
      "type": "Feature",
      "geometry": {
        "type": "LineString",
        "coordinates": [
          [
            42.76805114746094,
            -73.47969818115234
          ],
          [
            42.76179122924805,
            -73.47578430175781
          ]
        ]
      },
      "properties": {
        "point_id": 560,
        "inlier": false,
        "score": 0.9107833504676819
      }
    },
    {
      "type": "Feature",
      "geometry": {
        "type": "LineString",
        "coordinates": [
          [
            42.74525451660156,
            -73.46629333496094
          ],
          [
            42.7437858581543,
            -73.46394348144531
          ]
        ]
      },
      "properties": {
        "point_id": 561,
        "inlier": true,
        "score": 0.7997626662254333
      }
    },
    {
      "type": "Feature",
      "geometry": {
        "type": "LineString",
        "coordinates": [
          [
            42.7068977355957,
            -73.48331451416016
          ],
          [
            42.70718002319336,
            -73.47844696044922
          ]
        ]
      },
      "properties": {
        "point_id": 562,
        "inlier": true,
        "score": 0.6615398526191711
      }
    },
    {
      "type": "Feature",
      "geometry": {
        "type": "LineString",
        "coordinates": [
          [
            42.750732421875,
            -73.48175048828125
          ],
          [
            42.746917724609375,
            -73.47724914550781
          ]
        ]
      },
      "properties": {
        "point_id": 563,
        "inlier": true,
        "score": 0.6155980229377747
      }
    },
    {
      "type": "Feature",
      "geometry": {
        "type": "LineString",
        "coordinates": [
          [
            42.76188659667969,
            -73.48967742919922
          ],
          [
            42.755332946777344,
            -73.48439025878906
          ]
        ]
      },
      "properties": {
        "point_id": 564,
        "inlier": false,
        "score": 0.6990197896957397
      }
    },
    {
      "type": "Feature",
      "geometry": {
        "type": "LineString",
        "coordinates": [
          [
            42.7556266784668,
            -73.51962280273438
          ],
          [
            42.74623107910156,
            -73.50689697265625
          ]
        ]
      },
      "properties": {
        "point_id": 565,
        "inlier": true,
        "score": 0.7318811416625977
      }
    },
    {
      "type": "Feature",
      "geometry": {
        "type": "LineString",
        "coordinates": [
          [
            42.790653228759766,
            -73.53370666503906
          ],
          [
            42.771575927734375,
            -73.51648712158203
          ]
        ]
      },
      "properties": {
        "point_id": 566,
        "inlier": false,
        "score": 0.4310145378112793
      }
    },
    {
      "type": "Feature",
      "geometry": {
        "type": "LineString",
        "coordinates": [
          [
            42.783905029296875,
            -73.45875549316406
          ],
          [
            42.77970504760742,
            -73.45757293701172
          ]
        ]
      },
      "properties": {
        "point_id": 567,
        "inlier": true,
        "score": 0.5596359372138977
      }
    },
    {
      "type": "Feature",
      "geometry": {
        "type": "LineString",
        "coordinates": [
          [
            42.71012878417969,
            -73.48146057128906
          ],
          [
            42.71042251586914,
            -73.47676086425781
          ]
        ]
      },
      "properties": {
        "point_id": 568,
        "inlier": true,
        "score": 0.4979415833950043
      }
    },
    {
      "type": "Feature",
      "geometry": {
        "type": "LineString",
        "coordinates": [
          [
            42.79916763305664,
            -73.48116302490234
          ],
          [
            42.78801345825195,
            -73.4776382446289
          ]
        ]
      },
      "properties": {
        "point_id": 569,
        "inlier": true,
        "score": 0.5441104173660278
      }
    },
    {
      "type": "Feature",
      "geometry": {
        "type": "LineString",
        "coordinates": [
          [
            42.783023834228516,
            -73.48204040527344
          ],
          [
            42.7744140625,
            -73.47832489013672
          ]
        ]
      },
      "properties": {
        "point_id": 570,
        "inlier": false,
        "score": 0.7447319626808167
      }
    },
    {
      "type": "Feature",
      "geometry": {
        "type": "LineString",
        "coordinates": [
          [
            42.73175048828125,
            -73.52871704101562
          ],
          [
            42.725685119628906,
            -73.51325988769531
          ]
        ]
      },
      "properties": {
        "point_id": 571,
        "inlier": false,
        "score": 0.30149906873703003
      }
    },
    {
      "type": "Feature",
      "geometry": {
        "type": "LineString",
        "coordinates": [
          [
            42.757972717285156,
            -73.50670623779297
          ],
          [
            42.750144958496094,
            -73.49730682373047
          ]
        ]
      },
      "properties": {
        "point_id": 572,
        "inlier": false,
        "score": 0.3160070776939392
      }
    },
    {
      "type": "Feature",
      "geometry": {
        "type": "LineString",
        "coordinates": [
          [
            42.7557258605957,
            -73.45699310302734
          ],
          [
            42.75455093383789,
            -73.45581817626953
          ]
        ]
      },
      "properties": {
        "point_id": 573,
        "inlier": false,
        "score": 0.5009393095970154
      }
    },
    {
      "type": "Feature",
      "geometry": {
        "type": "LineString",
        "coordinates": [
          [
            42.74456787109375,
            -73.46629333496094
          ],
          [
            42.743003845214844,
            -73.4637451171875
          ]
        ]
      },
      "properties": {
        "point_id": 574,
        "inlier": true,
        "score": 0.3431357443332672
      }
    },
    {
      "type": "Feature",
      "geometry": {
        "type": "LineString",
        "coordinates": [
          [
            42.710811614990234,
            -73.48126220703125
          ],
          [
            42.71091079711914,
            -73.4765625
          ]
        ]
      },
      "properties": {
        "point_id": 575,
        "inlier": true,
        "score": 0.41655781865119934
      }
    },
    {
      "type": "Feature",
      "geometry": {
        "type": "LineString",
        "coordinates": [
          [
            42.75151824951172,
            -73.48175048828125
          ],
          [
            42.74760437011719,
            -73.47724914550781
          ]
        ]
      },
      "properties": {
        "point_id": 576,
        "inlier": true,
        "score": 0.45615702867507935
      }
    },
    {
      "type": "Feature",
      "geometry": {
        "type": "LineString",
        "coordinates": [
          [
            42.71707534790039,
            -73.4632568359375
          ],
          [
            42.717857360839844,
            -73.46070861816406
          ]
        ]
      },
      "properties": {
        "point_id": 577,
        "inlier": true,
        "score": 0.5540831685066223
      }
    },
    {
      "type": "Feature",
      "geometry": {
        "type": "LineString",
        "coordinates": [
          [
            42.77196502685547,
            -73.50376892089844
          ],
          [
            42.76169204711914,
            -73.49535369873047
          ]
        ]
      },
      "properties": {
        "point_id": 578,
        "inlier": true,
        "score": 0.48970887064933777
      }
    },
    {
      "type": "Feature",
      "geometry": {
        "type": "LineString",
        "coordinates": [
          [
            42.75181198120117,
            -73.52108764648438
          ],
          [
            42.74222183227539,
            -73.50778198242188
          ]
        ]
      },
      "properties": {
        "point_id": 579,
        "inlier": false,
        "score": 0.4931880533695221
      }
    },
    {
      "type": "Feature",
      "geometry": {
        "type": "LineString",
        "coordinates": [
          [
            42.704551696777344,
            -73.4616928100586
          ],
          [
            42.706214904785156,
            -73.45845794677734
          ]
        ]
      },
      "properties": {
        "point_id": 580,
        "inlier": false,
        "score": 0.3604751527309418
      }
    },
    {
      "type": "Feature",
      "geometry": {
        "type": "LineString",
        "coordinates": [
          [
            42.78889465332031,
            -73.50484466552734
          ],
          [
            42.774803161621094,
            -73.49574279785156
          ]
        ]
      },
      "properties": {
        "point_id": 581,
        "inlier": true,
        "score": 0.9434152841567993
      }
    },
    {
      "type": "Feature",
      "geometry": {
        "type": "LineString",
        "coordinates": [
          [
            42.7744140625,
            -73.54398345947266
          ],
          [
            42.75753402709961,
            -73.52296447753906
          ]
        ]
      },
      "properties": {
        "point_id": 582,
        "inlier": true,
        "score": 0.28463032841682434
      }
    },
    {
      "type": "Feature",
      "geometry": {
        "type": "LineString",
        "coordinates": [
          [
            42.75944137573242,
            -73.5248031616211
          ],
          [
            42.748680114746094,
            -73.5105209350586
          ]
        ]
      },
      "properties": {
        "point_id": 583,
        "inlier": true,
        "score": 0.6176318526268005
      }
    },
    {
      "type": "Feature",
      "geometry": {
        "type": "LineString",
        "coordinates": [
          [
            42.73605728149414,
            -73.5105209350586
          ],
          [
            42.730979919433594,
            -73.50035095214844
          ]
        ]
      },
      "properties": {
        "point_id": 584,
        "inlier": true,
        "score": 0.6778578758239746
      }
    },
    {
      "type": "Feature",
      "geometry": {
        "type": "LineString",
        "coordinates": [
          [
            42.73517608642578,
            -73.47959899902344
          ],
          [
            42.733612060546875,
            -73.4756851196289
          ]
        ]
      },
      "properties": {
        "point_id": 585,
        "inlier": false,
        "score": 0.28269442915916443
      }
    },
    {
      "type": "Feature",
      "geometry": {
        "type": "LineString",
        "coordinates": [
          [
            42.7951545715332,
            -73.53997039794922
          ],
          [
            42.773826599121094,
            -73.52059936523438
          ]
        ]
      },
      "properties": {
        "point_id": 586,
        "inlier": false,
        "score": 0.8714204430580139
      }
    },
    {
      "type": "Feature",
      "geometry": {
        "type": "LineString",
        "coordinates": [
          [
            42.71580123901367,
            -73.54447174072266
          ],
          [
            42.7117919921875,
            -73.5245132446289
          ]
        ]
      },
      "properties": {
        "point_id": 587,
        "inlier": false,
        "score": 0.3015083074569702
      }
    },
    {
      "type": "Feature",
      "geometry": {
        "type": "LineString",
        "coordinates": [
          [
            42.70073318481445,
            -73.51805114746094
          ],
          [
            42.70073318481445,
            -73.50630950927734
          ]
        ]
      },
      "properties": {
        "point_id": 588,
        "inlier": true,
        "score": 0.9147328734397888
      }
    },
    {
      "type": "Feature",
      "geometry": {
        "type": "LineString",
        "coordinates": [
          [
            42.73468780517578,
            -73.4627685546875
          ],
          [
            42.73468780517578,
            -73.46031951904297
          ]
        ]
      },
      "properties": {
        "point_id": 589,
        "inlier": true,
        "score": 0.7069862484931946
      }
    },
    {
      "type": "Feature",
      "geometry": {
        "type": "LineString",
        "coordinates": [
          [
            42.77490234375,
            -73.54476928710938
          ],
          [
            42.757972717285156,
            -73.5233383178711
          ]
        ]
      },
      "properties": {
        "point_id": 590,
        "inlier": false,
        "score": 0.2594125270843506
      }
    },
    {
      "type": "Feature",
      "geometry": {
        "type": "LineString",
        "coordinates": [
          [
            42.708953857421875,
            -73.4642333984375
          ],
          [
            42.70973587036133,
            -73.46110534667969
          ]
        ]
      },
      "properties": {
        "point_id": 591,
        "inlier": false,
        "score": 0.740371584892273
      }
    },
    {
      "type": "Feature",
      "geometry": {
        "type": "LineString",
        "coordinates": [
          [
            42.7053337097168,
            -73.52842712402344
          ],
          [
            42.70376968383789,
            -73.51374816894531
          ]
        ]
      },
      "properties": {
        "point_id": 592,
        "inlier": false,
        "score": 0.42623987793922424
      }
    },
    {
      "type": "Feature",
      "geometry": {
        "type": "LineString",
        "coordinates": [
          [
            42.72549057006836,
            -73.45571899414062
          ],
          [
            42.726566314697266,
            -73.45356750488281
          ]
        ]
      },
      "properties": {
        "point_id": 593,
        "inlier": true,
        "score": 0.6850441098213196
      }
    },
    {
      "type": "Feature",
      "geometry": {
        "type": "LineString",
        "coordinates": [
          [
            42.74613571166992,
            -73.48957824707031
          ],
          [
            42.741634368896484,
            -73.48380279541016
          ]
        ]
      },
      "properties": {
        "point_id": 594,
        "inlier": true,
        "score": 0.3703829050064087
      }
    },
    {
      "type": "Feature",
      "geometry": {
        "type": "LineString",
        "coordinates": [
          [
            42.722164154052734,
            -73.49456787109375
          ],
          [
            42.72020721435547,
            -73.48771667480469
          ]
        ]
      },
      "properties": {
        "point_id": 595,
        "inlier": false,
        "score": 0.32006868720054626
      }
    },
    {
      "type": "Feature",
      "geometry": {
        "type": "LineString",
        "coordinates": [
          [
            42.714630126953125,
            -73.52676391601562
          ],
          [
            42.712379455566406,
            -73.5125732421875
          ]
        ]
      },
      "properties": {
        "point_id": 596,
        "inlier": false,
        "score": 0.24726004898548126
      }
    },
    {
      "type": "Feature",
      "geometry": {
        "type": "LineString",
        "coordinates": [
          [
            42.7187385559082,
            -73.51805114746094
          ],
          [
            42.71590042114258,
            -73.50582122802734
          ]
        ]
      },
      "properties": {
        "point_id": 597,
        "inlier": false,
        "score": 0.5486775636672974
      }
    },
    {
      "type": "Feature",
      "geometry": {
        "type": "LineString",
        "coordinates": [
          [
            42.70386505126953,
            -73.4622802734375
          ],
          [
            42.7054328918457,
            -73.45924377441406
          ]
        ]
      },
      "properties": {
        "point_id": 598,
        "inlier": true,
        "score": 0.20007354021072388
      }
    },
    {
      "type": "Feature",
      "geometry": {
        "type": "LineString",
        "coordinates": [
          [
            42.73908996582031,
            -73.5250015258789
          ],
          [
            42.73231506347656,
            -73.5108642578125
          ]
        ]
      },
      "properties": {
        "point_id": 599,
        "inlier": true,
        "score": 0.6946554780006409
      }
    },
    {
      "type": "Feature",
      "geometry": {
        "type": "LineString",
        "coordinates": [
          [
            42.745941162109375,
            -73.48820495605469
          ],
          [
            42.74192810058594,
            -73.48282623291016
          ]
        ]
      },
      "properties": {
        "point_id": 600,
        "inlier": true,
        "score": 0.5607926249504089
      }
    },
    {
      "type": "Feature",
      "geometry": {
        "type": "LineString",
        "coordinates": [
          [
            42.791046142578125,
            -73.5371322631836
          ],
          [
            42.77137756347656,
            -73.51834869384766
          ]
        ]
      },
      "properties": {
        "point_id": 601,
        "inlier": true,
        "score": 0.45868322253227234
      }
    },
    {
      "type": "Feature",
      "geometry": {
        "type": "LineString",
        "coordinates": [
          [
            42.708560943603516,
            -73.4781265258789
          ],
          [
            42.70924758911133,
            -73.47421264648438
          ]
        ]
      },
      "properties": {
        "point_id": 602,
        "inlier": false,
        "score": 0.3253341615200043
      }
    },
    {
      "type": "Feature",
      "geometry": {
        "type": "LineString",
        "coordinates": [
          [
            42.702301025390625,
            -73.51776123046875
          ],
          [
            42.701908111572266,
            -73.50582122802734
          ]
        ]
      },
      "properties": {
        "point_id": 603,
        "inlier": true,
        "score": 0.6782921552658081
      }
    },
    {
      "type": "Feature",
      "geometry": {
        "type": "LineString",
        "coordinates": [
          [
            42.78791427612305,
            -73.46981048583984
          ],
          [
            42.7807731628418,
            -73.46775817871094
          ]
        ]
      },
      "properties": {
        "point_id": 604,
        "inlier": true,
        "score": 0.6036444902420044
      }
    },
    {
      "type": "Feature",
      "geometry": {
        "type": "LineString",
        "coordinates": [
          [
            42.76961898803711,
            -73.48517608642578
          ],
          [
            42.762672424316406,
            -73.48028564453125
          ]
        ]
      },
      "properties": {
        "point_id": 605,
        "inlier": true,
        "score": 0.5633084177970886
      }
    },
    {
      "type": "Feature",
      "geometry": {
        "type": "LineString",
        "coordinates": [
          [
            42.78507614135742,
            -73.45366668701172
          ],
          [
            42.78194808959961,
            -73.45327758789062
          ]
        ]
      },
      "properties": {
        "point_id": 606,
        "inlier": true,
        "score": 0.5611693263053894
      }
    },
    {
      "type": "Feature",
      "geometry": {
        "type": "LineString",
        "coordinates": [
          [
            42.7625732421875,
            -73.45689392089844
          ],
          [
            42.76139831542969,
            -73.45561981201172
          ]
        ]
      },
      "properties": {
        "point_id": 607,
        "inlier": false,
        "score": 0.4584827125072479
      }
    },
    {
      "type": "Feature",
      "geometry": {
        "type": "LineString",
        "coordinates": [
          [
            42.76237869262695,
            -73.451904296875
          ],
          [
            42.76179122924805,
            -73.45121765136719
          ]
        ]
      },
      "properties": {
        "point_id": 608,
        "inlier": false,
        "score": 0.8020867705345154
      }
    },
    {
      "type": "Feature",
      "geometry": {
        "type": "LineString",
        "coordinates": [
          [
            42.75161361694336,
            -73.4626693725586
          ],
          [
            42.75015640258789,
            -73.46083068847656
          ]
        ]
      },
      "properties": {
        "point_id": 609,
        "inlier": true,
        "score": 0.8235710859298706
      }
    },
    {
      "type": "Feature",
      "geometry": {
        "type": "LineString",
        "coordinates": [
          [
            42.72157669067383,
            -73.54369354248047
          ],
          [
            42.71678161621094,
            -73.5240249633789
          ]
        ]
      },
      "properties": {
        "point_id": 610,
        "inlier": true,
        "score": 0.8370323777198792
      }
    },
    {
      "type": "Feature",
      "geometry": {
        "type": "LineString",
        "coordinates": [
          [
            42.70083236694336,
            -73.51560974121094
          ],
          [
            42.70073318481445,
            -73.50464630126953
          ]
        ]
      },
      "properties": {
        "point_id": 611,
        "inlier": true,
        "score": 0.7210684418678284
      }
    },
    {
      "type": "Feature",
      "geometry": {
        "type": "LineString",
        "coordinates": [
          [
            42.71942138671875,
            -73.51746368408203
          ],
          [
            42.71638870239258,
            -73.50543212890625
          ]
        ]
      },
      "properties": {
        "point_id": 612,
        "inlier": false,
        "score": 0.40897896885871887
      }
    },
    {
      "type": "Feature",
      "geometry": {
        "type": "LineString",
        "coordinates": [
          [
            42.79085159301758,
            -73.5361557006836
          ],
          [
            42.771183013916016,
            -73.51786041259766
          ]
        ]
      },
      "properties": {
        "point_id": 613,
        "inlier": true,
        "score": 0.44602540135383606
      }
    },
    {
      "type": "Feature",
      "geometry": {
        "type": "LineString",
        "coordinates": [
          [
            42.739871978759766,
            -73.4893798828125
          ],
          [
            42.736351013183594,
            -73.48380279541016
          ]
        ]
      },
      "properties": {
        "point_id": 614,
        "inlier": true,
        "score": 0.9234951734542847
      }
    },
    {
      "type": "Feature",
      "geometry": {
        "type": "LineString",
        "coordinates": [
          [
            42.76688003540039,
            -73.51599884033203
          ],
          [
            42.756309509277344,
            -73.50474548339844
          ]
        ]
      },
      "properties": {
        "point_id": 615,
        "inlier": false,
        "score": 0.5746744275093079
      }
    },
    {
      "type": "Feature",
      "geometry": {
        "type": "LineString",
        "coordinates": [
          [
            42.71942138671875,
            -73.50709533691406
          ],
          [
            42.71707534790039,
            -73.49789428710938
          ]
        ]
      },
      "properties": {
        "point_id": 616,
        "inlier": true,
        "score": 0.6746804118156433
      }
    },
    {
      "type": "Feature",
      "geometry": {
        "type": "LineString",
        "coordinates": [
          [
            42.780479431152344,
            -73.52578735351562
          ],
          [
            42.764923095703125,
            -73.5110092163086
          ]
        ]
      },
      "properties": {
        "point_id": 617,
        "inlier": true,
        "score": 0.5634850263595581
      }
    },
    {
      "type": "Feature",
      "geometry": {
        "type": "LineString",
        "coordinates": [
          [
            42.71795654296875,
            -73.5018081665039
          ],
          [
            42.71629333496094,
            -73.49398040771484
          ]
        ]
      },
      "properties": {
        "point_id": 618,
        "inlier": true,
        "score": 0.5645301342010498
      }
    },
    {
      "type": "Feature",
      "geometry": {
        "type": "LineString",
        "coordinates": [
          [
            42.768836975097656,
            -73.4853744506836
          ],
          [
            42.76218032836914,
            -73.48037719726562
          ]
        ]
      },
      "properties": {
        "point_id": 619,
        "inlier": false,
        "score": 0.5093662142753601
      }
    },
    {
      "type": "Feature",
      "geometry": {
        "type": "LineString",
        "coordinates": [
          [
            42.742610931396484,
            -73.53214263916016
          ],
          [
            42.734981536865234,
            -73.51551055908203
          ]
        ]
      },
      "properties": {
        "point_id": 620,
        "inlier": false,
        "score": 0.3491888642311096
      }
    },
    {
      "type": "Feature",
      "geometry": {
        "type": "LineString",
        "coordinates": [
          [
            42.74173355102539,
            -73.5111083984375
          ],
          [
            42.735591888427734,
            -73.5007553100586
          ]
        ]
      },
      "properties": {
        "point_id": 621,
        "inlier": true,
        "score": 0.6240008473396301
      }
    },
    {
      "type": "Feature",
      "geometry": {
        "type": "LineString",
        "coordinates": [
          [
            42.705726623535156,
            -73.48047637939453
          ],
          [
            42.706214904785156,
            -73.4756851196289
          ]
        ]
      },
      "properties": {
        "point_id": 622,
        "inlier": false,
        "score": 0.4051820635795593
      }
    },
    {
      "type": "Feature",
      "geometry": {
        "type": "LineString",
        "coordinates": [
          [
            42.73957824707031,
            -73.52970123291016
          ],
          [
            42.73253631591797,
            -73.51374816894531
          ]
        ]
      },
      "properties": {
        "point_id": 623,
        "inlier": false,
        "score": 0.40112000703811646
      }
    },
    {
      "type": "Feature",
      "geometry": {
        "type": "LineString",
        "coordinates": [
          [
            42.750144958496094,
            -73.52137756347656
          ],
          [
            42.741146087646484,
            -73.50836944580078
          ]
        ]
      },
      "properties": {
        "point_id": 624,
        "inlier": false,
        "score": 0.4192027151584625
      }
    },
    {
      "type": "Feature",
      "geometry": {
        "type": "LineString",
        "coordinates": [
          [
            42.76335525512695,
            -73.45689392089844
          ],
          [
            42.76189422607422,
            -73.45550537109375
          ]
        ]
      },
      "properties": {
        "point_id": 625,
        "inlier": true,
        "score": 0.33056575059890747
      }
    },
    {
      "type": "Feature",
      "geometry": {
        "type": "LineString",
        "coordinates": [
          [
            42.78644943237305,
            -73.47441101074219
          ],
          [
            42.778907775878906,
            -73.47220611572266
          ]
        ]
      },
      "properties": {
        "point_id": 626,
        "inlier": false,
        "score": 0.28011876344680786
      }
    },
    {
      "type": "Feature",
      "geometry": {
        "type": "LineString",
        "coordinates": [
          [
            42.77587890625,
            -73.5121841430664
          ],
          [
            42.76335525512695,
            -73.501220703125
          ]
        ]
      },
      "properties": {
        "point_id": 627,
        "inlier": true,
        "score": 0.4987384080886841
      }
    },
    {
      "type": "Feature",
      "geometry": {
        "type": "LineString",
        "coordinates": [
          [
            42.725196838378906,
            -73.46599578857422
          ],
          [
            42.725685119628906,
            -73.4633560180664
          ]
        ]
      },
      "properties": {
        "point_id": 628,
        "inlier": true,
        "score": 0.7519565224647522
      }
    },
    {
      "type": "Feature",
      "geometry": {
        "type": "LineString",
        "coordinates": [
          [
            42.72294616699219,
            -73.4776382446289
          ],
          [
            42.722652435302734,
            -73.47362518310547
          ]
        ]
      },
      "properties": {
        "point_id": 629,
        "inlier": true,
        "score": 0.584364116191864
      }
    },
    {
      "type": "Feature",
      "geometry": {
        "type": "LineString",
        "coordinates": [
          [
            42.79251480102539,
            -73.49633026123047
          ],
          [
            42.77949905395508,
            -73.48928833007812
          ]
        ]
      },
      "properties": {
        "point_id": 630,
        "inlier": true,
        "score": 0.5793924927711487
      }
    },
    {
      "type": "Feature",
      "geometry": {
        "type": "LineString",
        "coordinates": [
          [
            42.70073318481445,
            -73.51717376708984
          ],
          [
            42.70073318481445,
            -73.50543212890625
          ]
        ]
      },
      "properties": {
        "point_id": 631,
        "inlier": true,
        "score": 0.6333143711090088
      }
    },
    {
      "type": "Feature",
      "geometry": {
        "type": "LineString",
        "coordinates": [
          [
            42.784393310546875,
            -73.45591735839844
          ],
          [
            42.780479431152344,
            -73.45503997802734
          ]
        ]
      },
      "properties": {
        "point_id": 632,
        "inlier": true,
        "score": 0.5572659373283386
      }
    },
    {
      "type": "Feature",
      "geometry": {
        "type": "LineString",
        "coordinates": [
          [
            42.708072662353516,
            -73.52011108398438
          ],
          [
            42.70699691772461,
            -73.50748443603516
          ]
        ]
      },
      "properties": {
        "point_id": 633,
        "inlier": false,
        "score": 0.43674907088279724
      }
    },
    {
      "type": "Feature",
      "geometry": {
        "type": "LineString",
        "coordinates": [
          [
            42.76227951049805,
            -73.5105209350586
          ],
          [
            42.75278854370117,
            -73.5003433227539
          ]
        ]
      },
      "properties": {
        "point_id": 634,
        "inlier": true,
        "score": 0.5794249773025513
      }
    },
    {
      "type": "Feature",
      "geometry": {
        "type": "LineString",
        "coordinates": [
          [
            42.73967742919922,
            -73.52812957763672
          ],
          [
            42.73263168334961,
            -73.51325988769531
          ]
        ]
      },
      "properties": {
        "point_id": 635,
        "inlier": true,
        "score": 0.6690689325332642
      }
    },
    {
      "type": "Feature",
      "geometry": {
        "type": "LineString",
        "coordinates": [
          [
            42.785274505615234,
            -73.45435333251953
          ],
          [
            42.78194808959961,
            -73.45376586914062
          ]
        ]
      },
      "properties": {
        "point_id": 636,
        "inlier": true,
        "score": 0.3402104377746582
      }
    },
    {
      "type": "Feature",
      "geometry": {
        "type": "LineString",
        "coordinates": [
          [
            42.776954650878906,
            -73.49300384521484
          ],
          [
            42.76746368408203,
            -73.48674011230469
          ]
        ]
      },
      "properties": {
        "point_id": 637,
        "inlier": true,
        "score": 0.9945228695869446
      }
    },
    {
      "type": "Feature",
      "geometry": {
        "type": "LineString",
        "coordinates": [
          [
            42.710323333740234,
            -73.45777893066406
          ],
          [
            42.71188735961914,
            -73.45542907714844
          ]
        ]
      },
      "properties": {
        "point_id": 638,
        "inlier": false,
        "score": 0.5602551698684692
      }
    },
    {
      "type": "Feature",
      "geometry": {
        "type": "LineString",
        "coordinates": [
          [
            42.78341293334961,
            -73.48410034179688
          ],
          [
            42.77421569824219,
            -73.47969818115234
          ]
        ]
      },
      "properties": {
        "point_id": 639,
        "inlier": true,
        "score": 0.9859944581985474
      }
    },
    {
      "type": "Feature",
      "geometry": {
        "type": "LineString",
        "coordinates": [
          [
            42.71188735961914,
            -73.51893615722656
          ],
          [
            42.71022415161133,
            -73.50719451904297
          ]
        ]
      },
      "properties": {
        "point_id": 640,
        "inlier": false,
        "score": 0.26918768882751465
      }
    },
    {
      "type": "Feature",
      "geometry": {
        "type": "LineString",
        "coordinates": [
          [
            42.78752517700195,
            -73.46041870117188
          ],
          [
            42.783119201660156,
            -73.45954132080078
          ]
        ]
      },
      "properties": {
        "point_id": 641,
        "inlier": false,
        "score": 0.23023146390914917
      }
    },
    {
      "type": "Feature",
      "geometry": {
        "type": "LineString",
        "coordinates": [
          [
            42.752593994140625,
            -73.46080780029297
          ],
          [
            42.75151824951172,
            -73.45934295654297
          ]
        ]
      },
      "properties": {
        "point_id": 642,
        "inlier": false,
        "score": 0.9844037890434265
      }
    },
    {
      "type": "Feature",
      "geometry": {
        "type": "LineString",
        "coordinates": [
          [
            42.77079391479492,
            -73.51423645019531
          ],
          [
            42.759246826171875,
            -73.50308227539062
          ]
        ]
      },
      "properties": {
        "point_id": 643,
        "inlier": true,
        "score": 0.8856669068336487
      }
    },
    {
      "type": "Feature",
      "geometry": {
        "type": "LineString",
        "coordinates": [
          [
            42.70513916015625,
            -73.45855712890625
          ],
          [
            42.70668411254883,
            -73.45581817626953
          ]
        ]
      },
      "properties": {
        "point_id": 644,
        "inlier": true,
        "score": 0.29493939876556396
      }
    },
    {
      "type": "Feature",
      "geometry": {
        "type": "LineString",
        "coordinates": [
          [
            42.771575927734375,
            -73.45729064941406
          ],
          [
            42.76913070678711,
            -73.45571899414062
          ]
        ]
      },
      "properties": {
        "point_id": 645,
        "inlier": false,
        "score": 0.5566472411155701
      }
    },
    {
      "type": "Feature",
      "geometry": {
        "type": "LineString",
        "coordinates": [
          [
            42.708072662353516,
            -73.52128601074219
          ],
          [
            42.70699691772461,
            -73.50885772705078
          ]
        ]
      },
      "properties": {
        "point_id": 646,
        "inlier": false,
        "score": 0.6694460511207581
      }
    },
    {
      "type": "Feature",
      "geometry": {
        "type": "LineString",
        "coordinates": [
          [
            42.749855041503906,
            -73.48067474365234
          ],
          [
            42.74623107910156,
            -73.47660064697266
          ]
        ]
      },
      "properties": {
        "point_id": 647,
        "inlier": true,
        "score": 0.6973046660423279
      }
    },
    {
      "type": "Feature",
      "geometry": {
        "type": "LineString",
        "coordinates": [
          [
            42.76609420776367,
            -73.49711608886719
          ],
          [
            42.757484436035156,
            -73.4899673461914
          ]
        ]
      },
      "properties": {
        "point_id": 648,
        "inlier": true,
        "score": 0.8264623880386353
      }
    },
    {
      "type": "Feature",
      "geometry": {
        "type": "LineString",
        "coordinates": [
          [
            42.774314880371094,
            -73.51472473144531
          ],
          [
            42.76179122924805,
            -73.50347137451172
          ]
        ]
      },
      "properties": {
        "point_id": 649,
        "inlier": true,
        "score": 0.9786133766174316
      }
    },
    {
      "type": "Feature",
      "geometry": {
        "type": "LineString",
        "coordinates": [
          [
            42.75425720214844,
            -73.47803497314453
          ],
          [
            42.750343322753906,
            -73.47412109375
          ]
        ]
      },
      "properties": {
        "point_id": 650,
        "inlier": true,
        "score": 0.7185200452804565
      }
    },
    {
      "type": "Feature",
      "geometry": {
        "type": "LineString",
        "coordinates": [
          [
            42.794273376464844,
            -73.45777893066406
          ],
          [
            42.78899002075195,
            -73.45699310302734
          ]
        ]
      },
      "properties": {
        "point_id": 651,
        "inlier": true,
        "score": 0.5366240739822388
      }
    },
    {
      "type": "Feature",
      "geometry": {
        "type": "LineString",
        "coordinates": [
          [
            42.732337951660156,
            -73.52930450439453
          ],
          [
            42.72637176513672,
            -73.5141372680664
          ]
        ]
      },
      "properties": {
        "point_id": 652,
        "inlier": true,
        "score": 0.8397116661071777
      }
    },
    {
      "type": "Feature",
      "geometry": {
        "type": "LineString",
        "coordinates": [
          [
            42.72920608520508,
            -73.49564361572266
          ],
          [
            42.72636032104492,
            -73.48884582519531
          ]
        ]
      },
      "properties": {
        "point_id": 653,
        "inlier": true,
        "score": 0.765254020690918
      }
    },
    {
      "type": "Feature",
      "geometry": {
        "type": "LineString",
        "coordinates": [
          [
            42.73997116088867,
            -73.45327758789062
          ],
          [
            42.740753173828125,
            -73.45170593261719
          ]
        ]
      },
      "properties": {
        "point_id": 654,
        "inlier": true,
        "score": 0.9170424342155457
      }
    },
    {
      "type": "Feature",
      "geometry": {
        "type": "LineString",
        "coordinates": [
          [
            42.72852325439453,
            -73.48595428466797
          ],
          [
            42.72666549682617,
            -73.48077392578125
          ]
        ]
      },
      "properties": {
        "point_id": 655,
        "inlier": true,
        "score": 0.9117476344108582
      }
    },
    {
      "type": "Feature",
      "geometry": {
        "type": "LineString",
        "coordinates": [
          [
            42.724021911621094,
            -73.54065704345703
          ],
          [
            42.7187385559082,
            -73.5218734741211
          ]
        ]
      },
      "properties": {
        "point_id": 656,
        "inlier": true,
        "score": 0.7291621565818787
      }
    },
    {
      "type": "Feature",
      "geometry": {
        "type": "LineString",
        "coordinates": [
          [
            42.72206497192383,
            -73.54212951660156
          ],
          [
            42.717369079589844,
            -73.52265167236328
          ]
        ]
      },
      "properties": {
        "point_id": 657,
        "inlier": false,
        "score": 0.2364857941865921
      }
    },
    {
      "type": "Feature",
      "geometry": {
        "type": "LineString",
        "coordinates": [
          [
            42.712379455566406,
            -73.49270629882812
          ],
          [
            42.71208572387695,
            -73.4863510131836
          ]
        ]
      },
      "properties": {
        "point_id": 658,
        "inlier": true,
        "score": 0.4370466470718384
      }
    },
    {
      "type": "Feature",
      "geometry": {
        "type": "LineString",
        "coordinates": [
          [
            42.75230026245117,
            -73.5018081665039
          ],
          [
            42.74535369873047,
            -73.49349212646484
          ]
        ]
      },
      "properties": {
        "point_id": 659,
        "inlier": false,
        "score": 0.7768507599830627
      }
    },
    {
      "type": "Feature",
      "geometry": {
        "type": "LineString",
        "coordinates": [
          [
            42.78292465209961,
            -73.500732421875
          ],
          [
            42.771183013916016,
            -73.49290466308594
          ]
        ]
      },
      "properties": {
        "point_id": 660,
        "inlier": false,
        "score": 0.6499332785606384
      }
    },
    {
      "type": "Feature",
      "geometry": {
        "type": "LineString",
        "coordinates": [
          [
            42.74936294555664,
            -73.4643325805664
          ],
          [
            42.74769973754883,
            -73.46237182617188
          ]
        ]
      },
      "properties": {
        "point_id": 661,
        "inlier": true,
        "score": 0.5411856174468994
      }
    },
    {
      "type": "Feature",
      "geometry": {
        "type": "LineString",
        "coordinates": [
          [
            42.767269134521484,
            -73.47137451171875
          ],
          [
            42.7625732421875,
            -73.46863555908203
          ]
        ]
      },
      "properties": {
        "point_id": 662,
        "inlier": true,
        "score": 0.5414645075798035
      }
    },
    {
      "type": "Feature",
      "geometry": {
        "type": "LineString",
        "coordinates": [
          [
            42.7432975769043,
            -73.500732421875
          ],
          [
            42.73820877075195,
            -73.49270629882812
          ]
        ]
      },
      "properties": {
        "point_id": 663,
        "inlier": true,
        "score": 0.9930168390274048
      }
    },
    {
      "type": "Feature",
      "geometry": {
        "type": "LineString",
        "coordinates": [
          [
            42.70220184326172,
            -73.52216339111328
          ],
          [
            42.70210266113281,
            -73.50983428955078
          ]
        ]
      },
      "properties": {
        "point_id": 664,
        "inlier": false,
        "score": 0.7817798852920532
      }
    },
    {
      "type": "Feature",
      "geometry": {
        "type": "LineString",
        "coordinates": [
          [
            42.72862243652344,
            -73.49574279785156
          ],
          [
            42.72578430175781,
            -73.4887924194336
          ]
        ]
      },
      "properties": {
        "point_id": 665,
        "inlier": true,
        "score": 0.49274420738220215
      }
    },
    {
      "type": "Feature",
      "geometry": {
        "type": "LineString",
        "coordinates": [
          [
            42.73654556274414,
            -73.4893798828125
          ],
          [
            42.733612060546875,
            -73.48331451416016
          ]
        ]
      },
      "properties": {
        "point_id": 666,
        "inlier": false,
        "score": 0.43026232719421387
      }
    }
  ]
}