{
  "type": "FeatureCollection",
  "features": [
    {
      "type": "Feature",
      "geometry": {
        "type": "LineString",
        "coordinates": [
          [
            42.70817947387695,
            -73.30416107177734
          ],
          [
            42.71016311645508,
            -73.32316589355469
          ]
        ]
      },
      "properties": {
        "point_id": 0,
        "inlier": false,
        "score": 0.06787902861833572
      }
    },
    {
      "type": "Feature",
      "geometry": {
        "type": "LineString",
        "coordinates": [
          [
            42.70817947387695,
            -73.30416107177734
          ],
          [
            42.71016311645508,
            -73.32316589355469
          ]
        ]
      },
      "properties": {
        "point_id": 1,
        "inlier": false,
        "score": -0.018087737262248993
      }
    },
    {
      "type": "Feature",
      "geometry": {
        "type": "LineString",
        "coordinates": [
          [
            42.74515151977539,
            -73.31576538085938
          ],
          [
            42.726192474365234,
            -73.3224105834961
          ]
        ]
      },
      "properties": {
        "point_id": 2,
        "inlier": false,
        "score": -0.22587177157402039
      }
    },
    {
      "type": "Feature",
      "geometry": {
        "type": "LineString",
        "coordinates": [
          [
            42.74174499511719,
            -73.2955322265625
          ],
          [
            42.705650329589844,
            -73.31285095214844
          ]
        ]
      },
      "properties": {
        "point_id": 3,
        "inlier": false,
        "score": 0.08879420161247253
      }
    },
    {
      "type": "Feature",
      "geometry": {
        "type": "LineString",
        "coordinates": [
          [
            42.74174499511719,
            -73.2955322265625
          ],
          [
            42.705650329589844,
            -73.31285095214844
          ]
        ]
      },
      "properties": {
        "point_id": 4,
        "inlier": false,
        "score": 0.12164751440286636
      }
    },
    {
      "type": "Feature",
      "geometry": {
        "type": "LineString",
        "coordinates": [
          [
            42.755287170410156,
            -73.32152557373047
          ],
          [
            42.720680236816406,
            -73.31832885742188
          ]
        ]
      },
      "properties": {
        "point_id": 5,
        "inlier": false,
        "score": -0.13871099054813385
      }
    },
    {
      "type": "Feature",
      "geometry": {
        "type": "LineString",
        "coordinates": [
          [
            42.76312255859375,
            -73.31968688964844
          ],
          [
            42.705650329589844,
            -73.31285095214844
          ]
        ]
      },
      "properties": {
        "point_id": 6,
        "inlier": false,
        "score": -0.027909576892852783
      }
    },
    {
      "type": "Feature",
      "geometry": {
        "type": "LineString",
        "coordinates": [
          [
            42.75765609741211,
            -73.3056869506836
          ],
          [
            42.705650329589844,
            -73.31285095214844
          ]
        ]
      },
      "properties": {
        "point_id": 7,
        "inlier": false,
        "score": 0.06009477749466896
      }
    },
    {
      "type": "Feature",
      "geometry": {
        "type": "LineString",
        "coordinates": [
          [
            42.749454498291016,
            -73.3096694946289
          ],
          [
            42.705692291259766,
            -73.30654907226562
          ]
        ]
      },
      "properties": {
        "point_id": 8,
        "inlier": false,
        "score": 0.08821197599172592
      }
    },
    {
      "type": "Feature",
      "geometry": {
        "type": "LineString",
        "coordinates": [
          [
            42.776458740234375,
            -73.29288482666016
          ],
          [
            42.705650329589844,
            -73.31285095214844
          ]
        ]
      },
      "properties": {
        "point_id": 9,
        "inlier": false,
        "score": -0.03326001390814781
      }
    },
    {
      "type": "Feature",
      "geometry": {
        "type": "LineString",
        "coordinates": [
          [
            42.770870208740234,
            -73.323486328125
          ],
          [
            42.71500778198242,
            -73.31549835205078
          ]
        ]
      },
      "properties": {
        "point_id": 10,
        "inlier": false,
        "score": -0.020840683951973915
      }
    },
    {
      "type": "Feature",
      "geometry": {
        "type": "LineString",
        "coordinates": [
          [
            42.79263687133789,
            -73.31391906738281
          ],
          [
            42.70770263671875,
            -73.31354522705078
          ]
        ]
      },
      "properties": {
        "point_id": 11,
        "inlier": false,
        "score": -0.027603190392255783
      }
    },
    {
      "type": "Feature",
      "geometry": {
        "type": "LineString",
        "coordinates": [
          [
            42.78683853149414,
            -73.29822540283203
          ],
          [
            42.705650329589844,
            -73.31285095214844
          ]
        ]
      },
      "properties": {
        "point_id": 12,
        "inlier": false,
        "score": 0.0175141841173172
      }
    },
    {
      "type": "Feature",
      "geometry": {
        "type": "LineString",
        "coordinates": [
          [
            42.78817367553711,
            -73.30290222167969
          ],
          [
            42.726192474365234,
            -73.3224105834961
          ]
        ]
      },
      "properties": {
        "point_id": 13,
        "inlier": false,
        "score": -0.09945327043533325
      }
    },
    {
      "type": "Feature",
      "geometry": {
        "type": "LineString",
        "coordinates": [
          [
            42.805015563964844,
            -73.30675506591797
          ],
          [
            42.71016311645508,
            -73.32316589355469
          ]
        ]
      },
      "properties": {
        "point_id": 14,
        "inlier": false,
        "score": 0.014397055841982365
      }
    },
    {
      "type": "Feature",
      "geometry": {
        "type": "LineString",
        "coordinates": [
          [
            42.8131217956543,
            -73.32301330566406
          ],
          [
            42.705467224121094,
            -73.31810760498047
          ]
        ]
      },
      "properties": {
        "point_id": 15,
        "inlier": false,
        "score": -0.014157266356050968
      }
    },
    {
      "type": "Feature",
      "geometry": {
        "type": "LineString",
        "coordinates": [
          [
            42.8160285949707,
            -73.32099914550781
          ],
          [
            42.70820999145508,
            -73.31346130371094
          ]
        ]
      },
      "properties": {
        "point_id": 16,
        "inlier": false,
        "score": 4.2415182477384406e-11
      }
    },
    {
      "type": "Feature",
      "geometry": {
        "type": "LineString",
        "coordinates": [
          [
            42.64151382446289,
            -73.29066467285156
          ],
          [
            42.666473388671875,
            -73.2774887084961
          ]
        ]
      },
      "properties": {
        "point_id": 17,
        "inlier": false,
        "score": -0.13961254060268402
      }
    },
    {
      "type": "Feature",
      "geometry": {
        "type": "LineString",
        "coordinates": [
          [
            42.642356872558594,
            -73.28772735595703
          ],
          [
            42.63325500488281,
            -73.29090118408203
          ]
        ]
      },
      "properties": {
        "point_id": 18,
        "inlier": false,
        "score": -0.24388761818408966
      }
    },
    {
      "type": "Feature",
      "geometry": {
        "type": "LineString",
        "coordinates": [
          [
            42.64261245727539,
            -73.26900482177734
          ],
          [
            42.682273864746094,
            -73.28886413574219
          ]
        ]
      },
      "properties": {
        "point_id": 19,
        "inlier": false,
        "score": 0.40209460258483887
      }
    },
    {
      "type": "Feature",
      "geometry": {
        "type": "LineString",
        "coordinates": [
          [
            42.659175872802734,
            -73.27970886230469
          ],
          [
            42.65828323364258,
            -73.29119873046875
          ]
        ]
      },
      "properties": {
        "point_id": 20,
        "inlier": false,
        "score": 0.343098521232605
      }
    },
    {
      "type": "Feature",
      "geometry": {
        "type": "LineString",
        "coordinates": [
          [
            42.667442321777344,
            -73.26318359375
          ],
          [
            42.63439178466797,
            -73.277099609375
          ]
        ]
      },
      "properties": {
        "point_id": 21,
        "inlier": false,
        "score": 0.20718520879745483
      }
    },
    {
      "type": "Feature",
      "geometry": {
        "type": "LineString",
        "coordinates": [
          [
            42.67380905151367,
            -73.26868438720703
          ],
          [
            42.61792755126953,
            -73.27034759521484
          ]
        ]
      },
      "properties": {
        "point_id": 22,
        "inlier": false,
        "score": -0.05775656923651695
      }
    },
    {
      "type": "Feature",
      "geometry": {
        "type": "LineString",
        "coordinates": [
          [
            42.685401916503906,
            -73.28288269042969
          ],
          [
            42.618980407714844,
            -73.2870864868164
          ]
        ]
      },
      "properties": {
        "point_id": 23,
        "inlier": false,
        "score": 0.38709408044815063
      }
    },
    {
      "type": "Feature",
      "geometry": {
        "type": "LineString",
        "coordinates": [
          [
            42.704010009765625,
            -73.27181243896484
          ],
          [
            42.65835189819336,
            -73.29116821289062
          ]
        ]
      },
      "properties": {
        "point_id": 24,
        "inlier": false,
        "score": 0.07952498644590378
      }
    },
    {
      "type": "Feature",
      "geometry": {
        "type": "LineString",
        "coordinates": [
          [
            42.71781921386719,
            -73.26089477539062
          ],
          [
            42.635643005371094,
            -73.27019500732422
          ]
        ]
      },
      "properties": {
        "point_id": 25,
        "inlier": false,
        "score": 0.3653782308101654
      }
    },
    {
      "type": "Feature",
      "geometry": {
        "type": "LineString",
        "coordinates": [
          [
            42.70921325683594,
            -73.28539276123047
          ],
          [
            42.614505767822266,
            -73.2735366821289
          ]
        ]
      },
      "properties": {
        "point_id": 26,
        "inlier": false,
        "score": 5.050704299236486e-11
      }
    },
    {
      "type": "Feature",
      "geometry": {
        "type": "LineString",
        "coordinates": [
          [
            42.70621871948242,
            -73.34300994873047
          ],
          [
            42.7176513671875,
            -73.3370361328125
          ]
        ]
      },
      "properties": {
        "point_id": 27,
        "inlier": false,
        "score": 0.17843002080917358
      }
    },
    {
      "type": "Feature",
      "geometry": {
        "type": "LineString",
        "coordinates": [
          [
            42.72524642944336,
            -73.3432388305664
          ],
          [
            42.72366714477539,
            -73.35305786132812
          ]
        ]
      },
      "properties": {
        "point_id": 28,
        "inlier": false,
        "score": 0.08806294202804565
      }
    },
    {
      "type": "Feature",
      "geometry": {
        "type": "LineString",
        "coordinates": [
          [
            42.737457275390625,
            -73.33454132080078
          ],
          [
            42.73967742919922,
            -73.34468841552734
          ]
        ]
      },
      "properties": {
        "point_id": 29,
        "inlier": false,
        "score": 0.17660187184810638
      }
    },
    {
      "type": "Feature",
      "geometry": {
        "type": "LineString",
        "coordinates": [
          [
            42.73747253417969,
            -73.35231018066406
          ],
          [
            42.72364807128906,
            -73.35304260253906
          ]
        ]
      },
      "properties": {
        "point_id": 30,
        "inlier": false,
        "score": 0.2963520884513855
      }
    },
    {
      "type": "Feature",
      "geometry": {
        "type": "LineString",
        "coordinates": [
          [
            42.73825454711914,
            -73.3523941040039
          ],
          [
            42.724884033203125,
            -73.35015106201172
          ]
        ]
      },
      "properties": {
        "point_id": 31,
        "inlier": false,
        "score": 0.07494513690471649
      }
    },
    {
      "type": "Feature",
      "geometry": {
        "type": "LineString",
        "coordinates": [
          [
            42.77168273925781,
            -73.34278869628906
          ],
          [
            42.729434967041016,
            -73.35100555419922
          ]
        ]
      },
      "properties": {
        "point_id": 32,
        "inlier": false,
        "score": 0.15651175379753113
      }
    },
    {
      "type": "Feature",
      "geometry": {
        "type": "LineString",
        "coordinates": [
          [
            42.77168273925781,
            -73.34278869628906
          ],
          [
            42.729434967041016,
            -73.35100555419922
          ]
        ]
      },
      "properties": {
        "point_id": 33,
        "inlier": false,
        "score": 0.14944519102573395
      }
    },
    {
      "type": "Feature",
      "geometry": {
        "type": "LineString",
        "coordinates": [
          [
            42.77621078491211,
            -73.3386459350586
          ],
          [
            42.724891662597656,
            -73.35013580322266
          ]
        ]
      },
      "properties": {
        "point_id": 34,
        "inlier": false,
        "score": 0.2729054093360901
      }
    },
    {
      "type": "Feature",
      "geometry": {
        "type": "LineString",
        "coordinates": [
          [
            42.77045822143555,
            -73.3473129272461
          ],
          [
            42.719608306884766,
            -73.34748077392578
          ]
        ]
      },
      "properties": {
        "point_id": 35,
        "inlier": false,
        "score": 0.09035296738147736
      }
    },
    {
      "type": "Feature",
      "geometry": {
        "type": "LineString",
        "coordinates": [
          [
            42.78828811645508,
            -73.35255432128906
          ],
          [
            42.73630142211914,
            -73.33424377441406
          ]
        ]
      },
      "properties": {
        "point_id": 36,
        "inlier": false,
        "score": -0.008462265133857727
      }
    },
    {
      "type": "Feature",
      "geometry": {
        "type": "LineString",
        "coordinates": [
          [
            42.7914924621582,
            -73.33050537109375
          ],
          [
            42.71702194213867,
            -73.33609008789062
          ]
        ]
      },
      "properties": {
        "point_id": 37,
        "inlier": false,
        "score": 4.40477654350957e-11
      }
    },
    {
      "type": "Feature",
      "geometry": {
        "type": "LineString",
        "coordinates": [
          [
            42.640953063964844,
            -73.2925796508789
          ],
          [
            42.70610809326172,
            -73.3066635131836
          ]
        ]
      },
      "properties": {
        "point_id": 38,
        "inlier": false,
        "score": -0.46029025316238403
      }
    },
    {
      "type": "Feature",
      "geometry": {
        "type": "LineString",
        "coordinates": [
          [
            42.6414680480957,
            -73.29283142089844
          ],
          [
            42.69016647338867,
            -73.2952880859375
          ]
        ]
      },
      "properties": {
        "point_id": 39,
        "inlier": false,
        "score": 0.3378335237503052
      }
    },
    {
      "type": "Feature",
      "geometry": {
        "type": "LineString",
        "coordinates": [
          [
            42.659542083740234,
            -73.31560516357422
          ],
          [
            42.64419174194336,
            -73.30575561523438
          ]
        ]
      },
      "properties": {
        "point_id": 40,
        "inlier": false,
        "score": -0.24703748524188995
      }
    },
    {
      "type": "Feature",
      "geometry": {
        "type": "LineString",
        "coordinates": [
          [
            42.66922378540039,
            -73.32359313964844
          ],
          [
            42.60902786254883,
            -73.30762481689453
          ]
        ]
      },
      "properties": {
        "point_id": 41,
        "inlier": false,
        "score": -0.3328462243080139
      }
    },
    {
      "type": "Feature",
      "geometry": {
        "type": "LineString",
        "coordinates": [
          [
            42.69341278076172,
            -73.29853057861328
          ],
          [
            42.61628723144531,
            -73.31525421142578
          ]
        ]
      },
      "properties": {
        "point_id": 42,
        "inlier": false,
        "score": -0.23018287122249603
      }
    },
    {
      "type": "Feature",
      "geometry": {
        "type": "LineString",
        "coordinates": [
          [
            42.70091247558594,
            -73.31871032714844
          ],
          [
            42.658329010009766,
            -73.29119873046875
          ]
        ]
      },
      "properties": {
        "point_id": 43,
        "inlier": false,
        "score": 6.484357495395443e-11
      }
    },
    {
      "type": "Feature",
      "geometry": {
        "type": "LineString",
        "coordinates": [
          [
            42.70515823364258,
            -73.37495422363281
          ],
          [
            42.76662826538086,
            -73.36162567138672
          ]
        ]
      },
      "properties": {
        "point_id": 44,
        "inlier": false,
        "score": -0.023601781576871872
      }
    },
    {
      "type": "Feature",
      "geometry": {
        "type": "LineString",
        "coordinates": [
          [
            42.71129608154297,
            -73.35702514648438
          ],
          [
            42.76662826538086,
            -73.36162567138672
          ]
        ]
      },
      "properties": {
        "point_id": 45,
        "inlier": false,
        "score": -0.07132818549871445
      }
    },
    {
      "type": "Feature",
      "geometry": {
        "type": "LineString",
        "coordinates": [
          [
            42.705814361572266,
            -73.36930847167969
          ],
          [
            42.76921844482422,
            -73.35362243652344
          ]
        ]
      },
      "properties": {
        "point_id": 46,
        "inlier": false,
        "score": -0.21541902422904968
      }
    },
    {
      "type": "Feature",
      "geometry": {
        "type": "LineString",
        "coordinates": [
          [
            42.727943420410156,
            -73.3808364868164
          ],
          [
            42.76862335205078,
            -73.36026763916016
          ]
        ]
      },
      "properties": {
        "point_id": 47,
        "inlier": false,
        "score": -0.4095197319984436
      }
    },
    {
      "type": "Feature",
      "geometry": {
        "type": "LineString",
        "coordinates": [
          [
            42.7303466796875,
            -73.36084747314453
          ],
          [
            42.78668212890625,
            -73.3725357055664
          ]
        ]
      },
      "properties": {
        "point_id": 48,
        "inlier": false,
        "score": -0.39148908853530884
      }
    },
    {
      "type": "Feature",
      "geometry": {
        "type": "LineString",
        "coordinates": [
          [
            42.729068756103516,
            -73.35022735595703
          ],
          [
            42.732017517089844,
            -73.36416625976562
          ]
        ]
      },
      "properties": {
        "point_id": 49,
        "inlier": false,
        "score": -0.41306784749031067
      }
    },
    {
      "type": "Feature",
      "geometry": {
        "type": "LineString",
        "coordinates": [
          [
            42.747215270996094,
            -73.37848663330078
          ],
          [
            42.75426483154297,
            -73.36425018310547
          ]
        ]
      },
      "properties": {
        "point_id": 50,
        "inlier": false,
        "score": -0.003217387944459915
      }
    },
    {
      "type": "Feature",
      "geometry": {
        "type": "LineString",
        "coordinates": [
          [
            42.73825454711914,
            -73.3523941040039
          ],
          [
            42.724884033203125,
            -73.35015106201172
          ]
        ]
      },
      "properties": {
        "point_id": 51,
        "inlier": false,
        "score": -0.20738370716571808
      }
    },
    {
      "type": "Feature",
      "geometry": {
        "type": "LineString",
        "coordinates": [
          [
            42.737571716308594,
            -73.3692398071289
          ],
          [
            42.791011810302734,
            -73.37488555908203
          ]
        ]
      },
      "properties": {
        "point_id": 52,
        "inlier": false,
        "score": -0.18036311864852905
      }
    },
    {
      "type": "Feature",
      "geometry": {
        "type": "LineString",
        "coordinates": [
          [
            42.7674560546875,
            -73.36849212646484
          ],
          [
            42.73438262939453,
            -73.35083770751953
          ]
        ]
      },
      "properties": {
        "point_id": 53,
        "inlier": false,
        "score": 0.024545172229409218
      }
    },
    {
      "type": "Feature",
      "geometry": {
        "type": "LineString",
        "coordinates": [
          [
            42.77013397216797,
            -73.3671875
          ],
          [
            42.70594787597656,
            -73.35134887695312
          ]
        ]
      },
      "properties": {
        "point_id": 54,
        "inlier": false,
        "score": -0.5086484551429749
      }
    },
    {
      "type": "Feature",
      "geometry": {
        "type": "LineString",
        "coordinates": [
          [
            42.76646423339844,
            -73.35694885253906
          ],
          [
            42.765262603759766,
            -73.35989379882812
          ]
        ]
      },
      "properties": {
        "point_id": 55,
        "inlier": false,
        "score": -0.16174918413162231
      }
    },
    {
      "type": "Feature",
      "geometry": {
        "type": "LineString",
        "coordinates": [
          [
            42.78236389160156,
            -73.3731918334961
          ],
          [
            42.73438262939453,
            -73.35083770751953
          ]
        ]
      },
      "properties": {
        "point_id": 56,
        "inlier": false,
        "score": 0.0247315876185894
      }
    },
    {
      "type": "Feature",
      "geometry": {
        "type": "LineString",
        "coordinates": [
          [
            42.78153610229492,
            -73.35167694091797
          ],
          [
            42.73486328125,
            -73.37825012207031
          ]
        ]
      },
      "properties": {
        "point_id": 57,
        "inlier": false,
        "score": 0.45833033323287964
      }
    },
    {
      "type": "Feature",
      "geometry": {
        "type": "LineString",
        "coordinates": [
          [
            42.78822326660156,
            -73.35282135009766
          ],
          [
            42.746219635009766,
            -73.36271667480469
          ]
        ]
      },
      "properties": {
        "point_id": 58,
        "inlier": false,
        "score": 0.26265424489974976
      }
    },
    {
      "type": "Feature",
      "geometry": {
        "type": "LineString",
        "coordinates": [
          [
            42.78507995605469,
            -73.35442352294922
          ],
          [
            42.73438262939453,
            -73.35083770751953
          ]
        ]
      },
      "properties": {
        "point_id": 59,
        "inlier": false,
        "score": 0.1509578377008438
      }
    },
    {
      "type": "Feature",
      "geometry": {
        "type": "LineString",
        "coordinates": [
          [
            42.800498962402344,
            -73.35243225097656
          ],
          [
            42.781246185302734,
            -73.3733901977539
          ]
        ]
      },
      "properties": {
        "point_id": 60,
        "inlier": false,
        "score": 0.16893883049488068
      }
    },
    {
      "type": "Feature",
      "geometry": {
        "type": "LineString",
        "coordinates": [
          [
            42.79814529418945,
            -73.36969757080078
          ],
          [
            42.80521774291992,
            -73.38088989257812
          ]
        ]
      },
      "properties": {
        "point_id": 61,
        "inlier": false,
        "score": -0.4869341552257538
      }
    },
    {
      "type": "Feature",
      "geometry": {
        "type": "LineString",
        "coordinates": [
          [
            42.81845474243164,
            -73.3525161743164
          ],
          [
            42.709716796875,
            -73.36492919921875
          ]
        ]
      },
      "properties": {
        "point_id": 62,
        "inlier": false,
        "score": -0.29071271419525146
      }
    },
    {
      "type": "Feature",
      "geometry": {
        "type": "LineString",
        "coordinates": [
          [
            42.80893325805664,
            -73.36424255371094
          ],
          [
            42.73438262939453,
            -73.35083770751953
          ]
        ]
      },
      "properties": {
        "point_id": 63,
        "inlier": false,
        "score": 5.7491233995676794e-11
      }
    },
    {
      "type": "Feature",
      "geometry": {
        "type": "LineString",
        "coordinates": [
          [
            42.624515533447266,
            -73.34815979003906
          ],
          [
            42.64396667480469,
            -73.32267761230469
          ]
        ]
      },
      "properties": {
        "point_id": 64,
        "inlier": false,
        "score": -2.3165061473846436
      }
    },
    {
      "type": "Feature",
      "geometry": {
        "type": "LineString",
        "coordinates": [
          [
            42.64094924926758,
            -73.35310363769531
          ],
          [
            42.63142776489258,
            -73.32089233398438
          ]
        ]
      },
      "properties": {
        "point_id": 65,
        "inlier": false,
        "score": -2.2752976417541504
      }
    },
    {
      "type": "Feature",
      "geometry": {
        "type": "LineString",
        "coordinates": [
          [
            42.64094924926758,
            -73.35310363769531
          ],
          [
            42.63142776489258,
            -73.32089233398438
          ]
        ]
      },
      "properties": {
        "point_id": 66,
        "inlier": false,
        "score": -2.4269375801086426
      }
    },
    {
      "type": "Feature",
      "geometry": {
        "type": "LineString",
        "coordinates": [
          [
            42.6417350769043,
            -73.32196044921875
          ],
          [
            42.61445236206055,
            -73.331298828125
          ]
        ]
      },
      "properties": {
        "point_id": 67,
        "inlier": false,
        "score": -1.5822045803070068
      }
    },
    {
      "type": "Feature",
      "geometry": {
        "type": "LineString",
        "coordinates": [
          [
            42.66133499145508,
            -73.3320541381836
          ],
          [
            42.603328704833984,
            -73.32894134521484
          ]
        ]
      },
      "properties": {
        "point_id": 68,
        "inlier": false,
        "score": -1.7791441679000854
      }
    },
    {
      "type": "Feature",
      "geometry": {
        "type": "LineString",
        "coordinates": [
          [
            42.695396423339844,
            -73.33199310302734
          ],
          [
            42.617919921875,
            -73.33763885498047
          ]
        ]
      },
      "properties": {
        "point_id": 69,
        "inlier": false,
        "score": -1.7102391719818115
      }
    },
    {
      "type": "Feature",
      "geometry": {
        "type": "LineString",
        "coordinates": [
          [
            42.70088195800781,
            -73.33013916015625
          ],
          [
            42.71390151977539,
            -73.34700012207031
          ]
        ]
      },
      "properties": {
        "point_id": 70,
        "inlier": false,
        "score": -1.7415558099746704
      }
    },
    {
      "type": "Feature",
      "geometry": {
        "type": "LineString",
        "coordinates": [
          [
            42.70602035522461,
            -73.33269500732422
          ],
          [
            42.68338394165039,
            -73.34185028076172
          ]
        ]
      },
      "properties": {
        "point_id": 71,
        "inlier": false,
        "score": -0.7958886027336121
      }
    },
    {
      "type": "Feature",
      "geometry": {
        "type": "LineString",
        "coordinates": [
          [
            42.70602035522461,
            -73.33269500732422
          ],
          [
            42.68338394165039,
            -73.34185028076172
          ]
        ]
      },
      "properties": {
        "point_id": 72,
        "inlier": false,
        "score": 1.402480354073532e-10
      }
    },
    {
      "type": "Feature",
      "geometry": {
        "type": "LineString",
        "coordinates": [
          [
            42.60929870605469,
            -73.40607452392578
          ],
          [
            42.69158935546875,
            -73.38799285888672
          ]
        ]
      },
      "properties": {
        "point_id": 73,
        "inlier": false,
        "score": 0.06783381849527359
      }
    },
    {
      "type": "Feature",
      "geometry": {
        "type": "LineString",
        "coordinates": [
          [
            42.61215591430664,
            -73.40229797363281
          ],
          [
            42.617340087890625,
            -73.3808822631836
          ]
        ]
      },
      "properties": {
        "point_id": 74,
        "inlier": false,
        "score": 0.20652055740356445
      }
    },
    {
      "type": "Feature",
      "geometry": {
        "type": "LineString",
        "coordinates": [
          [
            42.63424301147461,
            -73.41085815429688
          ],
          [
            42.617340087890625,
            -73.3808822631836
          ]
        ]
      },
      "properties": {
        "point_id": 75,
        "inlier": false,
        "score": 0.19188886880874634
      }
    },
    {
      "type": "Feature",
      "geometry": {
        "type": "LineString",
        "coordinates": [
          [
            42.632179260253906,
            -73.3980941772461
          ],
          [
            42.7181396484375,
            -73.38819885253906
          ]
        ]
      },
      "properties": {
        "point_id": 76,
        "inlier": false,
        "score": 0.11452464014291763
      }
    },
    {
      "type": "Feature",
      "geometry": {
        "type": "LineString",
        "coordinates": [
          [
            42.646610260009766,
            -73.40624237060547
          ],
          [
            42.60808563232422,
            -73.38300323486328
          ]
        ]
      },
      "properties": {
        "point_id": 77,
        "inlier": false,
        "score": 0.0269363671541214
      }
    },
    {
      "type": "Feature",
      "geometry": {
        "type": "LineString",
        "coordinates": [
          [
            42.666316986083984,
            -73.39400482177734
          ],
          [
            42.717323303222656,
            -73.40157318115234
          ]
        ]
      },
      "properties": {
        "point_id": 78,
        "inlier": false,
        "score": 0.020119132474064827
      }
    },
    {
      "type": "Feature",
      "geometry": {
        "type": "LineString",
        "coordinates": [
          [
            42.68234634399414,
            -73.38202667236328
          ],
          [
            42.69158935546875,
            -73.38799285888672
          ]
        ]
      },
      "properties": {
        "point_id": 79,
        "inlier": false,
        "score": 0.09626548737287521
      }
    },
    {
      "type": "Feature",
      "geometry": {
        "type": "LineString",
        "coordinates": [
          [
            42.68234634399414,
            -73.38202667236328
          ],
          [
            42.69158935546875,
            -73.38799285888672
          ]
        ]
      },
      "properties": {
        "point_id": 80,
        "inlier": false,
        "score": 0.14257921278476715
      }
    },
    {
      "type": "Feature",
      "geometry": {
        "type": "LineString",
        "coordinates": [
          [
            42.676082611083984,
            -73.38853454589844
          ],
          [
            42.61592483520508,
            -73.40425109863281
          ]
        ]
      },
      "properties": {
        "point_id": 81,
        "inlier": false,
        "score": 0.05645633488893509
      }
    },
    {
      "type": "Feature",
      "geometry": {
        "type": "LineString",
        "coordinates": [
          [
            42.686222076416016,
            -73.39643096923828
          ],
          [
            42.717620849609375,
            -73.38406372070312
          ]
        ]
      },
      "properties": {
        "point_id": 82,
        "inlier": false,
        "score": -0.0011106296442449093
      }
    },
    {
      "type": "Feature",
      "geometry": {
        "type": "LineString",
        "coordinates": [
          [
            42.69773864746094,
            -73.39844512939453
          ],
          [
            42.705650329589844,
            -73.39486694335938
          ]
        ]
      },
      "properties": {
        "point_id": 83,
        "inlier": false,
        "score": -0.08390425145626068
      }
    },
    {
      "type": "Feature",
      "geometry": {
        "type": "LineString",
        "coordinates": [
          [
            42.71182632446289,
            -73.39338684082031
          ],
          [
            42.70256042480469,
            -73.39775085449219
          ]
        ]
      },
      "properties": {
        "point_id": 84,
        "inlier": false,
        "score": 4.6452397484131325e-11
      }
    },
    {
      "type": "Feature",
      "geometry": {
        "type": "LineString",
        "coordinates": [
          [
            42.62571334838867,
            -73.3631591796875
          ],
          [
            42.71481704711914,
            -73.380126953125
          ]
        ]
      },
      "properties": {
        "point_id": 85,
        "inlier": false,
        "score": 0.07390746474266052
      }
    },
    {
      "type": "Feature",
      "geometry": {
        "type": "LineString",
        "coordinates": [
          [
            42.6224479675293,
            -73.35691833496094
          ],
          [
            42.666011810302734,
            -73.36192321777344
          ]
        ]
      },
      "properties": {
        "point_id": 86,
        "inlier": false,
        "score": -0.14600242674350739
      }
    },
    {
      "type": "Feature",
      "geometry": {
        "type": "LineString",
        "coordinates": [
          [
            42.63262176513672,
            -73.35804748535156
          ],
          [
            42.6395149230957,
            -73.3660659790039
          ]
        ]
      },
      "properties": {
        "point_id": 87,
        "inlier": false,
        "score": 0.3787582516670227
      }
    },
    {
      "type": "Feature",
      "geometry": {
        "type": "LineString",
        "coordinates": [
          [
            42.63262176513672,
            -73.35804748535156
          ],
          [
            42.6395149230957,
            -73.3660659790039
          ]
        ]
      },
      "properties": {
        "point_id": 88,
        "inlier": false,
        "score": 0.18220004439353943
      }
    },
    {
      "type": "Feature",
      "geometry": {
        "type": "LineString",
        "coordinates": [
          [
            42.656742095947266,
            -73.36383819580078
          ],
          [
            42.6395149230957,
            -73.3660659790039
          ]
        ]
      },
      "properties": {
        "point_id": 89,
        "inlier": false,
        "score": 0.30792689323425293
      }
    },
    {
      "type": "Feature",
      "geometry": {
        "type": "LineString",
        "coordinates": [
          [
            42.65629959106445,
            -73.36373138427734
          ],
          [
            42.617340087890625,
            -73.3808822631836
          ]
        ]
      },
      "properties": {
        "point_id": 90,
        "inlier": false,
        "score": -0.016774024814367294
      }
    },
    {
      "type": "Feature",
      "geometry": {
        "type": "LineString",
        "coordinates": [
          [
            42.669071197509766,
            -73.37500762939453
          ],
          [
            42.60377502441406,
            -73.36380767822266
          ]
        ]
      },
      "properties": {
        "point_id": 91,
        "inlier": false,
        "score": -0.07290512323379517
      }
    },
    {
      "type": "Feature",
      "geometry": {
        "type": "LineString",
        "coordinates": [
          [
            42.66340637207031,
            -73.37419891357422
          ],
          [
            42.60383224487305,
            -73.36286926269531
          ]
        ]
      },
      "properties": {
        "point_id": 92,
        "inlier": false,
        "score": -0.25703826546669006
      }
    },
    {
      "type": "Feature",
      "geometry": {
        "type": "LineString",
        "coordinates": [
          [
            42.69438552856445,
            -73.38157653808594
          ],
          [
            42.60588836669922,
            -73.37711334228516
          ]
        ]
      },
      "properties": {
        "point_id": 93,
        "inlier": false,
        "score": -0.27009207010269165
      }
    },
    {
      "type": "Feature",
      "geometry": {
        "type": "LineString",
        "coordinates": [
          [
            42.69899368286133,
            -73.3565673828125
          ],
          [
            42.71818542480469,
            -73.35708618164062
          ]
        ]
      },
      "properties": {
        "point_id": 94,
        "inlier": false,
        "score": -0.09661120176315308
      }
    },
    {
      "type": "Feature",
      "geometry": {
        "type": "LineString",
        "coordinates": [
          [
            42.704872131347656,
            -73.37443542480469
          ],
          [
            42.6395149230957,
            -73.3660659790039
          ]
        ]
      },
      "properties": {
        "point_id": 95,
        "inlier": false,
        "score": 5.2941206973855515e-11
      }
    },
    {
      "type": "Feature",
      "geometry": {
        "type": "LineString",
        "coordinates": [
          [
            42.8122444152832,
            -73.3857650756836
          ],
          [
            42.82088088989258,
            -73.40492248535156
          ]
        ]
      },
      "properties": {
        "point_id": 96,
        "inlier": false,
        "score": -0.05275560915470123
      }
    },
    {
      "type": "Feature",
      "geometry": {
        "type": "LineString",
        "coordinates": [
          [
            42.82464599609375,
            -73.41116333007812
          ],
          [
            42.83717346191406,
            -73.41065216064453
          ]
        ]
      },
      "properties": {
        "point_id": 97,
        "inlier": false,
        "score": -0.2316254824399948
      }
    },
    {
      "type": "Feature",
      "geometry": {
        "type": "LineString",
        "coordinates": [
          [
            42.8167839050293,
            -73.41204071044922
          ],
          [
            42.81257247924805,
            -73.39069366455078
          ]
        ]
      },
      "properties": {
        "point_id": 98,
        "inlier": false,
        "score": -0.28837352991104126
      }
    },
    {
      "type": "Feature",
      "geometry": {
        "type": "LineString",
        "coordinates": [
          [
            42.824317932128906,
            -73.40521240234375
          ],
          [
            42.812835693359375,
            -73.38977813720703
          ]
        ]
      },
      "properties": {
        "point_id": 99,
        "inlier": false,
        "score": -0.12581920623779297
      }
    },
    {
      "type": "Feature",
      "geometry": {
        "type": "LineString",
        "coordinates": [
          [
            42.825599670410156,
            -73.37980651855469
          ],
          [
            42.827392578125,
            -73.41002655029297
          ]
        ]
      },
      "properties": {
        "point_id": 100,
        "inlier": false,
        "score": -0.3502658009529114
      }
    },
    {
      "type": "Feature",
      "geometry": {
        "type": "LineString",
        "coordinates": [
          [
            42.83462905883789,
            -73.39006805419922
          ],
          [
            42.815330505371094,
            -73.40302276611328
          ]
        ]
      },
      "properties": {
        "point_id": 101,
        "inlier": false,
        "score": -0.073752261698246
      }
    },
    {
      "type": "Feature",
      "geometry": {
        "type": "LineString",
        "coordinates": [
          [
            42.83462905883789,
            -73.39006805419922
          ],
          [
            42.815330505371094,
            -73.40302276611328
          ]
        ]
      },
      "properties": {
        "point_id": 102,
        "inlier": false,
        "score": 0.0764421671628952
      }
    },
    {
      "type": "Feature",
      "geometry": {
        "type": "LineString",
        "coordinates": [
          [
            42.83134841918945,
            -73.4106674194336
          ],
          [
            42.81647491455078,
            -73.4104995727539
          ]
        ]
      },
      "properties": {
        "point_id": 103,
        "inlier": false,
        "score": -0.2268645167350769
      }
    },
    {
      "type": "Feature",
      "geometry": {
        "type": "LineString",
        "coordinates": [
          [
            42.83711624145508,
            -73.41190338134766
          ],
          [
            42.83185577392578,
            -73.40191650390625
          ]
        ]
      },
      "properties": {
        "point_id": 104,
        "inlier": false,
        "score": -0.3481719195842743
      }
    },
    {
      "type": "Feature",
      "geometry": {
        "type": "LineString",
        "coordinates": [
          [
            42.84275436401367,
            -73.41139221191406
          ],
          [
            42.8123893737793,
            -73.39362335205078
          ]
        ]
      },
      "properties": {
        "point_id": 105,
        "inlier": false,
        "score": -0.38111263513565063
      }
    },
    {
      "type": "Feature",
      "geometry": {
        "type": "LineString",
        "coordinates": [
          [
            42.8580436706543,
            -73.39511108398438
          ],
          [
            42.841552734375,
            -73.41120910644531
          ]
        ]
      },
      "properties": {
        "point_id": 106,
        "inlier": false,
        "score": -0.1427765190601349
      }
    },
    {
      "type": "Feature",
      "geometry": {
        "type": "LineString",
        "coordinates": [
          [
            42.8704719543457,
            -73.40138244628906
          ],
          [
            42.82329177856445,
            -73.40482330322266
          ]
        ]
      },
      "properties": {
        "point_id": 107,
        "inlier": false,
        "score": -0.026096124202013016
      }
    },
    {
      "type": "Feature",
      "geometry": {
        "type": "LineString",
        "coordinates": [
          [
            42.87154769897461,
            -73.40065002441406
          ],
          [
            42.815330505371094,
            -73.40302276611328
          ]
        ]
      },
      "properties": {
        "point_id": 108,
        "inlier": false,
        "score": 0.03438088670372963
      }
    },
    {
      "type": "Feature",
      "geometry": {
        "type": "LineString",
        "coordinates": [
          [
            42.87242126464844,
            -73.40052032470703
          ],
          [
            42.81793975830078,
            -73.39420318603516
          ]
        ]
      },
      "properties": {
        "point_id": 109,
        "inlier": false,
        "score": -0.2901441752910614
      }
    },
    {
      "type": "Feature",
      "geometry": {
        "type": "LineString",
        "coordinates": [
          [
            42.871944427490234,
            -73.3882064819336
          ],
          [
            42.827369689941406,
            -73.41002655029297
          ]
        ]
      },
      "properties": {
        "point_id": 110,
        "inlier": false,
        "score": -0.21133512258529663
      }
    },
    {
      "type": "Feature",
      "geometry": {
        "type": "LineString",
        "coordinates": [
          [
            42.87150573730469,
            -73.39020538330078
          ],
          [
            42.81589889526367,
            -73.3918685913086
          ]
        ]
      },
      "properties": {
        "point_id": 111,
        "inlier": false,
        "score": -0.23445893824100494
      }
    },
    {
      "type": "Feature",
      "geometry": {
        "type": "LineString",
        "coordinates": [
          [
            42.87915802001953,
            -73.40798950195312
          ],
          [
            42.82215118408203,
            -73.3953857421875
          ]
        ]
      },
      "properties": {
        "point_id": 112,
        "inlier": false,
        "score": -0.17905350029468536
      }
    },
    {
      "type": "Feature",
      "geometry": {
        "type": "LineString",
        "coordinates": [
          [
            42.869991302490234,
            -73.39930725097656
          ],
          [
            42.827369689941406,
            -73.41002655029297
          ]
        ]
      },
      "properties": {
        "point_id": 113,
        "inlier": false,
        "score": -0.3714992105960846
      }
    },
    {
      "type": "Feature",
      "geometry": {
        "type": "LineString",
        "coordinates": [
          [
            42.88679885864258,
            -73.38314056396484
          ],
          [
            42.841552734375,
            -73.41120910644531
          ]
        ]
      },
      "properties": {
        "point_id": 114,
        "inlier": false,
        "score": -0.10051797330379486
      }
    },
    {
      "type": "Feature",
      "geometry": {
        "type": "LineString",
        "coordinates": [
          [
            42.89262771606445,
            -73.38194274902344
          ],
          [
            42.81535720825195,
            -73.40299224853516
          ]
        ]
      },
      "properties": {
        "point_id": 115,
        "inlier": false,
        "score": -0.1005408838391304
      }
    },
    {
      "type": "Feature",
      "geometry": {
        "type": "LineString",
        "coordinates": [
          [
            42.892974853515625,
            -73.38095092773438
          ],
          [
            42.841552734375,
            -73.41120910644531
          ]
        ]
      },
      "properties": {
        "point_id": 116,
        "inlier": false,
        "score": -0.19043411314487457
      }
    },
    {
      "type": "Feature",
      "geometry": {
        "type": "LineString",
        "coordinates": [
          [
            42.88865280151367,
            -73.3936538696289
          ],
          [
            42.83717346191406,
            -73.41065216064453
          ]
        ]
      },
      "properties": {
        "point_id": 117,
        "inlier": false,
        "score": -0.2636720538139343
      }
    },
    {
      "type": "Feature",
      "geometry": {
        "type": "LineString",
        "coordinates": [
          [
            42.88865280151367,
            -73.3936538696289
          ],
          [
            42.83717346191406,
            -73.41065216064453
          ]
        ]
      },
      "properties": {
        "point_id": 118,
        "inlier": false,
        "score": -0.19945882260799408
      }
    },
    {
      "type": "Feature",
      "geometry": {
        "type": "LineString",
        "coordinates": [
          [
            42.90681838989258,
            -73.39107513427734
          ],
          [
            42.82959747314453,
            -73.4065933227539
          ]
        ]
      },
      "properties": {
        "point_id": 119,
        "inlier": false,
        "score": -0.08933262526988983
      }
    },
    {
      "type": "Feature",
      "geometry": {
        "type": "LineString",
        "coordinates": [
          [
            42.90895462036133,
            -73.3973159790039
          ],
          [
            42.820926666259766,
            -73.4049301147461
          ]
        ]
      },
      "properties": {
        "point_id": 120,
        "inlier": false,
        "score": 0.08986885845661163
      }
    },
    {
      "type": "Feature",
      "geometry": {
        "type": "LineString",
        "coordinates": [
          [
            42.92826843261719,
            -73.38264465332031
          ],
          [
            42.81291198730469,
            -73.38977813720703
          ]
        ]
      },
      "properties": {
        "point_id": 121,
        "inlier": false,
        "score": 5.0225268388714994e-11
      }
    },
    {
      "type": "Feature",
      "geometry": {
        "type": "LineString",
        "coordinates": [
          [
            42.73268127441406,
            -73.38674926757812
          ],
          [
            42.774654388427734,
            -73.39505004882812
          ]
        ]
      },
      "properties": {
        "point_id": 122,
        "inlier": false,
        "score": -0.030495865270495415
      }
    },
    {
      "type": "Feature",
      "geometry": {
        "type": "LineString",
        "coordinates": [
          [
            42.7311897277832,
            -73.38544464111328
          ],
          [
            42.73075866699219,
            -73.39434814453125
          ]
        ]
      },
      "properties": {
        "point_id": 123,
        "inlier": false,
        "score": 0.09338609874248505
      }
    },
    {
      "type": "Feature",
      "geometry": {
        "type": "LineString",
        "coordinates": [
          [
            42.720359802246094,
            -73.40863037109375
          ],
          [
            42.80185317993164,
            -73.39736938476562
          ]
        ]
      },
      "properties": {
        "point_id": 124,
        "inlier": false,
        "score": 0.05867939442396164
      }
    },
    {
      "type": "Feature",
      "geometry": {
        "type": "LineString",
        "coordinates": [
          [
            42.72134780883789,
            -73.39485931396484
          ],
          [
            42.71352005004883,
            -73.40010833740234
          ]
        ]
      },
      "properties": {
        "point_id": 125,
        "inlier": false,
        "score": 0.05137937515974045
      }
    },
    {
      "type": "Feature",
      "geometry": {
        "type": "LineString",
        "coordinates": [
          [
            42.74164581298828,
            -73.3907470703125
          ],
          [
            42.74753952026367,
            -73.41191101074219
          ]
        ]
      },
      "properties": {
        "point_id": 126,
        "inlier": false,
        "score": -0.03789842128753662
      }
    },
    {
      "type": "Feature",
      "geometry": {
        "type": "LineString",
        "coordinates": [
          [
            42.748477935791016,
            -73.39180755615234
          ],
          [
            42.78219985961914,
            -73.3919448852539
          ]
        ]
      },
      "properties": {
        "point_id": 127,
        "inlier": false,
        "score": -0.0158156119287014
      }
    },
    {
      "type": "Feature",
      "geometry": {
        "type": "LineString",
        "coordinates": [
          [
            42.74076843261719,
            -73.40361022949219
          ],
          [
            42.79484939575195,
            -73.40978240966797
          ]
        ]
      },
      "properties": {
        "point_id": 128,
        "inlier": false,
        "score": 0.22923989593982697
      }
    },
    {
      "type": "Feature",
      "geometry": {
        "type": "LineString",
        "coordinates": [
          [
            42.73716735839844,
            -73.38533782958984
          ],
          [
            42.81639862060547,
            -73.40176391601562
          ]
        ]
      },
      "properties": {
        "point_id": 129,
        "inlier": false,
        "score": 0.18450301885604858
      }
    },
    {
      "type": "Feature",
      "geometry": {
        "type": "LineString",
        "coordinates": [
          [
            42.75302505493164,
            -73.38854217529297
          ],
          [
            42.77113723754883,
            -73.39558410644531
          ]
        ]
      },
      "properties": {
        "point_id": 130,
        "inlier": false,
        "score": 0.06191589683294296
      }
    },
    {
      "type": "Feature",
      "geometry": {
        "type": "LineString",
        "coordinates": [
          [
            42.75422668457031,
            -73.40104675292969
          ],
          [
            42.78126907348633,
            -73.39740753173828
          ]
        ]
      },
      "properties": {
        "point_id": 131,
        "inlier": false,
        "score": -0.06730106472969055
      }
    },
    {
      "type": "Feature",
      "geometry": {
        "type": "LineString",
        "coordinates": [
          [
            42.75105285644531,
            -73.4083023071289
          ],
          [
            42.74029541015625,
            -73.39558410644531
          ]
        ]
      },
      "properties": {
        "point_id": 132,
        "inlier": false,
        "score": 0.283960223197937
      }
    },
    {
      "type": "Feature",
      "geometry": {
        "type": "LineString",
        "coordinates": [
          [
            42.76980972290039,
            -73.3986587524414
          ],
          [
            42.81036376953125,
            -73.408935546875
          ]
        ]
      },
      "properties": {
        "point_id": 133,
        "inlier": false,
        "score": -0.1755627691745758
      }
    },
    {
      "type": "Feature",
      "geometry": {
        "type": "LineString",
        "coordinates": [
          [
            42.76980972290039,
            -73.3986587524414
          ],
          [
            42.77467346191406,
            -73.40161895751953
          ]
        ]
      },
      "properties": {
        "point_id": 134,
        "inlier": false,
        "score": -0.12190176546573639
      }
    },
    {
      "type": "Feature",
      "geometry": {
        "type": "LineString",
        "coordinates": [
          [
            42.771087646484375,
            -73.39632415771484
          ],
          [
            42.77923583984375,
            -73.38101196289062
          ]
        ]
      },
      "properties": {
        "point_id": 135,
        "inlier": false,
        "score": -0.015402587130665779
      }
    },
    {
      "type": "Feature",
      "geometry": {
        "type": "LineString",
        "coordinates": [
          [
            42.783119201660156,
            -73.39022064208984
          ],
          [
            42.725040435791016,
            -73.40185546875
          ]
        ]
      },
      "properties": {
        "point_id": 136,
        "inlier": false,
        "score": -0.226470485329628
      }
    },
    {
      "type": "Feature",
      "geometry": {
        "type": "LineString",
        "coordinates": [
          [
            42.79594421386719,
            -73.38836669921875
          ],
          [
            42.81291198730469,
            -73.3897705078125
          ]
        ]
      },
      "properties": {
        "point_id": 137,
        "inlier": false,
        "score": 0.2632346451282501
      }
    },
    {
      "type": "Feature",
      "geometry": {
        "type": "LineString",
        "coordinates": [
          [
            42.81909942626953,
            -73.40599822998047
          ],
          [
            42.76730728149414,
            -73.39883422851562
          ]
        ]
      },
      "properties": {
        "point_id": 138,
        "inlier": false,
        "score": 0.2894492447376251
      }
    },
    {
      "type": "Feature",
      "geometry": {
        "type": "LineString",
        "coordinates": [
          [
            42.822059631347656,
            -73.40790557861328
          ],
          [
            42.78085708618164,
            -73.38705444335938
          ]
        ]
      },
      "properties": {
        "point_id": 139,
        "inlier": false,
        "score": 0.12693585455417633
      }
    },
    {
      "type": "Feature",
      "geometry": {
        "type": "LineString",
        "coordinates": [
          [
            42.82234191894531,
            -73.37907409667969
          ],
          [
            42.72063064575195,
            -73.40730285644531
          ]
        ]
      },
      "properties": {
        "point_id": 140,
        "inlier": false,
        "score": 4.827538369056583e-11
      }
    },
    {
      "type": "Feature",
      "geometry": {
        "type": "LineString",
        "coordinates": [
          [
            42.720359802246094,
            -73.40863037109375
          ],
          [
            42.80500411987305,
            -73.4163589477539
          ]
        ]
      },
      "properties": {
        "point_id": 141,
        "inlier": false,
        "score": 0.047985177487134933
      }
    },
    {
      "type": "Feature",
      "geometry": {
        "type": "LineString",
        "coordinates": [
          [
            42.75300979614258,
            -73.42813110351562
          ],
          [
            42.798316955566406,
            -73.43267059326172
          ]
        ]
      },
      "properties": {
        "point_id": 142,
        "inlier": false,
        "score": 0.058311108499765396
      }
    },
    {
      "type": "Feature",
      "geometry": {
        "type": "LineString",
        "coordinates": [
          [
            42.74947738647461,
            -73.42860412597656
          ],
          [
            42.738311767578125,
            -73.42841339111328
          ]
        ]
      },
      "properties": {
        "point_id": 143,
        "inlier": false,
        "score": -0.05140053853392601
      }
    },
    {
      "type": "Feature",
      "geometry": {
        "type": "LineString",
        "coordinates": [
          [
            42.749324798583984,
            -73.41532135009766
          ],
          [
            42.7617301940918,
            -73.41651916503906
          ]
        ]
      },
      "properties": {
        "point_id": 144,
        "inlier": false,
        "score": 0.2542586624622345
      }
    },
    {
      "type": "Feature",
      "geometry": {
        "type": "LineString",
        "coordinates": [
          [
            42.77602005004883,
            -73.42755126953125
          ],
          [
            42.79830551147461,
            -73.43266296386719
          ]
        ]
      },
      "properties": {
        "point_id": 145,
        "inlier": false,
        "score": 0.09648458659648895
      }
    },
    {
      "type": "Feature",
      "geometry": {
        "type": "LineString",
        "coordinates": [
          [
            42.79257583618164,
            -73.4196548461914
          ],
          [
            42.81036376953125,
            -73.408935546875
          ]
        ]
      },
      "properties": {
        "point_id": 146,
        "inlier": false,
        "score": 0.010537829250097275
      }
    },
    {
      "type": "Feature",
      "geometry": {
        "type": "LineString",
        "coordinates": [
          [
            42.78053665161133,
            -73.41011810302734
          ],
          [
            42.76478576660156,
            -73.42620849609375
          ]
        ]
      },
      "properties": {
        "point_id": 147,
        "inlier": false,
        "score": 0.3373667895793915
      }
    },
    {
      "type": "Feature",
      "geometry": {
        "type": "LineString",
        "coordinates": [
          [
            42.79475784301758,
            -73.41527557373047
          ],
          [
            42.78023910522461,
            -73.429931640625
          ]
        ]
      },
      "properties": {
        "point_id": 148,
        "inlier": false,
        "score": -0.013500681146979332
      }
    },
    {
      "type": "Feature",
      "geometry": {
        "type": "LineString",
        "coordinates": [
          [
            42.794151306152344,
            -73.43037414550781
          ],
          [
            42.77497100830078,
            -73.43473052978516
          ]
        ]
      },
      "properties": {
        "point_id": 149,
        "inlier": false,
        "score": 0.1144019290804863
      }
    },
    {
      "type": "Feature",
      "geometry": {
        "type": "LineString",
        "coordinates": [
          [
            42.8175048828125,
            -73.41600799560547
          ],
          [
            42.79960250854492,
            -73.42994689941406
          ]
        ]
      },
      "properties": {
        "point_id": 150,
        "inlier": false,
        "score": 0.11761724203824997
      }
    },
    {
      "type": "Feature",
      "geometry": {
        "type": "LineString",
        "coordinates": [
          [
            42.812469482421875,
            -73.425048828125
          ],
          [
            42.814064025878906,
            -73.41109466552734
          ]
        ]
      },
      "properties": {
        "point_id": 151,
        "inlier": false,
        "score": 4.622846550006443e-11
      }
    },
    {
      "type": "Feature",
      "geometry": {
        "type": "LineString",
        "coordinates": [
          [
            42.82150650024414,
            -73.4046630859375
          ],
          [
            42.8105354309082,
            -73.39501953125
          ]
        ]
      },
      "properties": {
        "point_id": 152,
        "inlier": false,
        "score": 0.37446141242980957
      }
    },
    {
      "type": "Feature",
      "geometry": {
        "type": "LineString",
        "coordinates": [
          [
            42.83462905883789,
            -73.39006805419922
          ],
          [
            42.815330505371094,
            -73.40302276611328
          ]
        ]
      },
      "properties": {
        "point_id": 153,
        "inlier": false,
        "score": 0.28475233912467957
      }
    },
    {
      "type": "Feature",
      "geometry": {
        "type": "LineString",
        "coordinates": [
          [
            42.83462905883789,
            -73.39006805419922
          ],
          [
            42.815330505371094,
            -73.40302276611328
          ]
        ]
      },
      "properties": {
        "point_id": 154,
        "inlier": false,
        "score": 0.3847998380661011
      }
    },
    {
      "type": "Feature",
      "geometry": {
        "type": "LineString",
        "coordinates": [
          [
            42.824317932128906,
            -73.40521240234375
          ],
          [
            42.812835693359375,
            -73.38977813720703
          ]
        ]
      },
      "properties": {
        "point_id": 155,
        "inlier": false,
        "score": 0.2500695288181305
      }
    },
    {
      "type": "Feature",
      "geometry": {
        "type": "LineString",
        "coordinates": [
          [
            42.850276947021484,
            -73.41162872314453
          ],
          [
            42.80929946899414,
            -73.4048843383789
          ]
        ]
      },
      "properties": {
        "point_id": 156,
        "inlier": false,
        "score": 0.19768251478672028
      }
    },
    {
      "type": "Feature",
      "geometry": {
        "type": "LineString",
        "coordinates": [
          [
            42.86471176147461,
            -73.4119644165039
          ],
          [
            42.80931854248047,
            -73.40489959716797
          ]
        ]
      },
      "properties": {
        "point_id": 157,
        "inlier": false,
        "score": 0.1719510704278946
      }
    },
    {
      "type": "Feature",
      "geometry": {
        "type": "LineString",
        "coordinates": [
          [
            42.86423110961914,
            -73.39286804199219
          ],
          [
            42.81025695800781,
            -73.3963851928711
          ]
        ]
      },
      "properties": {
        "point_id": 158,
        "inlier": false,
        "score": 0.28457239270210266
      }
    },
    {
      "type": "Feature",
      "geometry": {
        "type": "LineString",
        "coordinates": [
          [
            42.8580436706543,
            -73.39511108398438
          ],
          [
            42.841552734375,
            -73.41120910644531
          ]
        ]
      },
      "properties": {
        "point_id": 159,
        "inlier": false,
        "score": 0.23877392709255219
      }
    },
    {
      "type": "Feature",
      "geometry": {
        "type": "LineString",
        "coordinates": [
          [
            42.87915802001953,
            -73.40798950195312
          ],
          [
            42.82215118408203,
            -73.3953857421875
          ]
        ]
      },
      "properties": {
        "point_id": 160,
        "inlier": false,
        "score": 0.21460911631584167
      }
    },
    {
      "type": "Feature",
      "geometry": {
        "type": "LineString",
        "coordinates": [
          [
            42.8704719543457,
            -73.40138244628906
          ],
          [
            42.82329177856445,
            -73.40482330322266
          ]
        ]
      },
      "properties": {
        "point_id": 161,
        "inlier": false,
        "score": 0.3164970576763153
      }
    },
    {
      "type": "Feature",
      "geometry": {
        "type": "LineString",
        "coordinates": [
          [
            42.87154769897461,
            -73.40065002441406
          ],
          [
            42.815330505371094,
            -73.40302276611328
          ]
        ]
      },
      "properties": {
        "point_id": 162,
        "inlier": false,
        "score": 0.3567819893360138
      }
    },
    {
      "type": "Feature",
      "geometry": {
        "type": "LineString",
        "coordinates": [
          [
            42.8686408996582,
            -73.40874481201172
          ],
          [
            42.84048843383789,
            -73.40604400634766
          ]
        ]
      },
      "properties": {
        "point_id": 163,
        "inlier": false,
        "score": 0.28208914399147034
      }
    },
    {
      "type": "Feature",
      "geometry": {
        "type": "LineString",
        "coordinates": [
          [
            42.871944427490234,
            -73.3882064819336
          ],
          [
            42.827369689941406,
            -73.41002655029297
          ]
        ]
      },
      "properties": {
        "point_id": 164,
        "inlier": false,
        "score": 0.19310568273067474
      }
    },
    {
      "type": "Feature",
      "geometry": {
        "type": "LineString",
        "coordinates": [
          [
            42.88865280151367,
            -73.3936538696289
          ],
          [
            42.83717346191406,
            -73.41065216064453
          ]
        ]
      },
      "properties": {
        "point_id": 165,
        "inlier": false,
        "score": 0.15824301540851593
      }
    },
    {
      "type": "Feature",
      "geometry": {
        "type": "LineString",
        "coordinates": [
          [
            42.88865280151367,
            -73.3936538696289
          ],
          [
            42.83717346191406,
            -73.41065216064453
          ]
        ]
      },
      "properties": {
        "point_id": 166,
        "inlier": false,
        "score": 0.20101672410964966
      }
    },
    {
      "type": "Feature",
      "geometry": {
        "type": "LineString",
        "coordinates": [
          [
            42.892974853515625,
            -73.38095092773438
          ],
          [
            42.841552734375,
            -73.41120910644531
          ]
        ]
      },
      "properties": {
        "point_id": 167,
        "inlier": false,
        "score": 0.20702825486660004
      }
    },
    {
      "type": "Feature",
      "geometry": {
        "type": "LineString",
        "coordinates": [
          [
            42.90895462036133,
            -73.3973159790039
          ],
          [
            42.820926666259766,
            -73.4049301147461
          ]
        ]
      },
      "properties": {
        "point_id": 168,
        "inlier": false,
        "score": 0.393743634223938
      }
    },
    {
      "type": "Feature",
      "geometry": {
        "type": "LineString",
        "coordinates": [
          [
            42.92607498168945,
            -73.4044189453125
          ],
          [
            42.81290817260742,
            -73.38978576660156
          ]
        ]
      },
      "properties": {
        "point_id": 169,
        "inlier": false,
        "score": 0.30714482069015503
      }
    },
    {
      "type": "Feature",
      "geometry": {
        "type": "LineString",
        "coordinates": [
          [
            42.92426681518555,
            -73.38631439208984
          ],
          [
            42.81025695800781,
            -73.3963851928711
          ]
        ]
      },
      "properties": {
        "point_id": 170,
        "inlier": false,
        "score": 0.1604599505662918
      }
    },
    {
      "type": "Feature",
      "geometry": {
        "type": "LineString",
        "coordinates": [
          [
            42.91371536254883,
            -73.40840911865234
          ],
          [
            42.82140350341797,
            -73.40874481201172
          ]
        ]
      },
      "properties": {
        "point_id": 171,
        "inlier": false,
        "score": 3.345601573556678e-11
      }
    },
    {
      "type": "Feature",
      "geometry": {
        "type": "LineString",
        "coordinates": [
          [
            42.81378173828125,
            -73.44139099121094
          ],
          [
            42.84075164794922,
            -73.42813873291016
          ]
        ]
      },
      "properties": {
        "point_id": 172,
        "inlier": false,
        "score": 0.23818273842334747
      }
    },
    {
      "type": "Feature",
      "geometry": {
        "type": "LineString",
        "coordinates": [
          [
            42.812469482421875,
            -73.425048828125
          ],
          [
            42.814064025878906,
            -73.41109466552734
          ]
        ]
      },
      "properties": {
        "point_id": 173,
        "inlier": false,
        "score": -0.08600539714097977
      }
    },
    {
      "type": "Feature",
      "geometry": {
        "type": "LineString",
        "coordinates": [
          [
            42.810123443603516,
            -73.42245483398438
          ],
          [
            42.861934661865234,
            -73.42224884033203
          ]
        ]
      },
      "properties": {
        "point_id": 174,
        "inlier": false,
        "score": -0.20197278261184692
      }
    },
    {
      "type": "Feature",
      "geometry": {
        "type": "LineString",
        "coordinates": [
          [
            42.80911636352539,
            -73.41972351074219
          ],
          [
            42.8706169128418,
            -73.44139099121094
          ]
        ]
      },
      "properties": {
        "point_id": 175,
        "inlier": false,
        "score": -0.09076438099145889
      }
    },
    {
      "type": "Feature",
      "geometry": {
        "type": "LineString",
        "coordinates": [
          [
            42.8175048828125,
            -73.41600799560547
          ],
          [
            42.835121154785156,
            -73.43134307861328
          ]
        ]
      },
      "properties": {
        "point_id": 176,
        "inlier": false,
        "score": -0.1823849081993103
      }
    },
    {
      "type": "Feature",
      "geometry": {
        "type": "LineString",
        "coordinates": [
          [
            42.83319854736328,
            -73.42472076416016
          ],
          [
            42.81437683105469,
            -73.42218780517578
          ]
        ]
      },
      "properties": {
        "point_id": 177,
        "inlier": false,
        "score": 0.3948550522327423
      }
    },
    {
      "type": "Feature",
      "geometry": {
        "type": "LineString",
        "coordinates": [
          [
            42.833980560302734,
            -73.42208099365234
          ],
          [
            42.83717346191406,
            -73.41065216064453
          ]
        ]
      },
      "properties": {
        "point_id": 178,
        "inlier": false,
        "score": -0.1920129507780075
      }
    },
    {
      "type": "Feature",
      "geometry": {
        "type": "LineString",
        "coordinates": [
          [
            42.84382629394531,
            -73.40933227539062
          ],
          [
            42.858856201171875,
            -73.42439270019531
          ]
        ]
      },
      "properties": {
        "point_id": 179,
        "inlier": false,
        "score": -0.07114295661449432
      }
    },
    {
      "type": "Feature",
      "geometry": {
        "type": "LineString",
        "coordinates": [
          [
            42.850250244140625,
            -73.4111557006836
          ],
          [
            42.80874252319336,
            -73.42298889160156
          ]
        ]
      },
      "properties": {
        "point_id": 180,
        "inlier": false,
        "score": -0.022161519154906273
      }
    },
    {
      "type": "Feature",
      "geometry": {
        "type": "LineString",
        "coordinates": [
          [
            42.841434478759766,
            -73.42391967773438
          ],
          [
            42.81709289550781,
            -73.41827392578125
          ]
        ]
      },
      "properties": {
        "point_id": 181,
        "inlier": false,
        "score": -0.035951174795627594
      }
    },
    {
      "type": "Feature",
      "geometry": {
        "type": "LineString",
        "coordinates": [
          [
            42.84174346923828,
            -73.42266845703125
          ],
          [
            42.80874252319336,
            -73.42298889160156
          ]
        ]
      },
      "properties": {
        "point_id": 182,
        "inlier": false,
        "score": -0.011938859708607197
      }
    },
    {
      "type": "Feature",
      "geometry": {
        "type": "LineString",
        "coordinates": [
          [
            42.850563049316406,
            -73.41931915283203
          ],
          [
            42.83799362182617,
            -73.40839385986328
          ]
        ]
      },
      "properties": {
        "point_id": 183,
        "inlier": false,
        "score": 0.17100435495376587
      }
    },
    {
      "type": "Feature",
      "geometry": {
        "type": "LineString",
        "coordinates": [
          [
            42.85676956176758,
            -73.42276000976562
          ],
          [
            42.853572845458984,
            -73.4180679321289
          ]
        ]
      },
      "properties": {
        "point_id": 184,
        "inlier": false,
        "score": 0.010515217669308186
      }
    },
    {
      "type": "Feature",
      "geometry": {
        "type": "LineString",
        "coordinates": [
          [
            42.855628967285156,
            -73.43354797363281
          ],
          [
            42.81255340576172,
            -73.43375396728516
          ]
        ]
      },
      "properties": {
        "point_id": 185,
        "inlier": false,
        "score": -0.14711223542690277
      }
    },
    {
      "type": "Feature",
      "geometry": {
        "type": "LineString",
        "coordinates": [
          [
            42.86872863769531,
            -73.4267349243164
          ],
          [
            42.84009552001953,
            -73.43219757080078
          ]
        ]
      },
      "properties": {
        "point_id": 186,
        "inlier": false,
        "score": -0.1461230218410492
      }
    },
    {
      "type": "Feature",
      "geometry": {
        "type": "LineString",
        "coordinates": [
          [
            42.87238311767578,
            -73.4320297241211
          ],
          [
            42.83717346191406,
            -73.41065216064453
          ]
        ]
      },
      "properties": {
        "point_id": 187,
        "inlier": false,
        "score": -0.038684699684381485
      }
    },
    {
      "type": "Feature",
      "geometry": {
        "type": "LineString",
        "coordinates": [
          [
            42.87022399902344,
            -73.4237060546875
          ],
          [
            42.81264877319336,
            -73.434326171875
          ]
        ]
      },
      "properties": {
        "point_id": 188,
        "inlier": false,
        "score": 0.09720026701688766
      }
    },
    {
      "type": "Feature",
      "geometry": {
        "type": "LineString",
        "coordinates": [
          [
            42.88505935668945,
            -73.42350006103516
          ],
          [
            42.81264877319336,
            -73.434326171875
          ]
        ]
      },
      "properties": {
        "point_id": 189,
        "inlier": false,
        "score": -0.03730058670043945
      }
    },
    {
      "type": "Feature",
      "geometry": {
        "type": "LineString",
        "coordinates": [
          [
            42.893707275390625,
            -73.43878173828125
          ],
          [
            42.81264877319336,
            -73.434326171875
          ]
        ]
      },
      "properties": {
        "point_id": 190,
        "inlier": false,
        "score": 0.09655838459730148
      }
    },
    {
      "type": "Feature",
      "geometry": {
        "type": "LineString",
        "coordinates": [
          [
            42.893409729003906,
            -73.41000366210938
          ],
          [
            42.8174934387207,
            -73.41547393798828
          ]
        ]
      },
      "properties": {
        "point_id": 191,
        "inlier": false,
        "score": -0.0508076436817646
      }
    },
    {
      "type": "Feature",
      "geometry": {
        "type": "LineString",
        "coordinates": [
          [
            42.900054931640625,
            -73.42243194580078
          ],
          [
            42.858856201171875,
            -73.42439270019531
          ]
        ]
      },
      "properties": {
        "point_id": 192,
        "inlier": false,
        "score": -0.045878902077674866
      }
    },
    {
      "type": "Feature",
      "geometry": {
        "type": "LineString",
        "coordinates": [
          [
            42.9045524597168,
            -73.44059753417969
          ],
          [
            42.82627487182617,
            -73.44126892089844
          ]
        ]
      },
      "properties": {
        "point_id": 193,
        "inlier": false,
        "score": -0.08499535173177719
      }
    },
    {
      "type": "Feature",
      "geometry": {
        "type": "LineString",
        "coordinates": [
          [
            42.91817855834961,
            -73.41057586669922
          ],
          [
            42.856170654296875,
            -73.42181396484375
          ]
        ]
      },
      "properties": {
        "point_id": 194,
        "inlier": false,
        "score": 0.2812879681587219
      }
    },
    {
      "type": "Feature",
      "geometry": {
        "type": "LineString",
        "coordinates": [
          [
            42.925384521484375,
            -73.43470001220703
          ],
          [
            42.88239669799805,
            -73.44184875488281
          ]
        ]
      },
      "properties": {
        "point_id": 195,
        "inlier": false,
        "score": 5.020439619585204e-11
      }
    },
    {
      "type": "Feature",
      "geometry": {
        "type": "LineString",
        "coordinates": [
          [
            42.8175048828125,
            -73.41600799560547
          ],
          [
            42.835121154785156,
            -73.43134307861328
          ]
        ]
      },
      "properties": {
        "point_id": 196,
        "inlier": false,
        "score": -0.6451441645622253
      }
    },
    {
      "type": "Feature",
      "geometry": {
        "type": "LineString",
        "coordinates": [
          [
            42.812469482421875,
            -73.425048828125
          ],
          [
            42.814064025878906,
            -73.41109466552734
          ]
        ]
      },
      "properties": {
        "point_id": 197,
        "inlier": false,
        "score": -0.5110438466072083
      }
    },
    {
      "type": "Feature",
      "geometry": {
        "type": "LineString",
        "coordinates": [
          [
            42.81378173828125,
            -73.44139099121094
          ],
          [
            42.84075164794922,
            -73.42813873291016
          ]
        ]
      },
      "properties": {
        "point_id": 198,
        "inlier": false,
        "score": -0.059975672513246536
      }
    },
    {
      "type": "Feature",
      "geometry": {
        "type": "LineString",
        "coordinates": [
          [
            42.8338508605957,
            -73.43086242675781
          ],
          [
            42.81647491455078,
            -73.4104995727539
          ]
        ]
      },
      "properties": {
        "point_id": 199,
        "inlier": false,
        "score": -0.4302527904510498
      }
    },
    {
      "type": "Feature",
      "geometry": {
        "type": "LineString",
        "coordinates": [
          [
            42.83319854736328,
            -73.42472076416016
          ],
          [
            42.81437683105469,
            -73.42218780517578
          ]
        ]
      },
      "properties": {
        "point_id": 200,
        "inlier": false,
        "score": 0.15801474452018738
      }
    },
    {
      "type": "Feature",
      "geometry": {
        "type": "LineString",
        "coordinates": [
          [
            42.833980560302734,
            -73.42208099365234
          ],
          [
            42.83717346191406,
            -73.41065216064453
          ]
        ]
      },
      "properties": {
        "point_id": 201,
        "inlier": false,
        "score": -0.6585404276847839
      }
    },
    {
      "type": "Feature",
      "geometry": {
        "type": "LineString",
        "coordinates": [
          [
            42.850563049316406,
            -73.41931915283203
          ],
          [
            42.83799362182617,
            -73.40839385986328
          ]
        ]
      },
      "properties": {
        "point_id": 202,
        "inlier": false,
        "score": -0.15344618260860443
      }
    },
    {
      "type": "Feature",
      "geometry": {
        "type": "LineString",
        "coordinates": [
          [
            42.84382629394531,
            -73.40933227539062
          ],
          [
            42.858856201171875,
            -73.42439270019531
          ]
        ]
      },
      "properties": {
        "point_id": 203,
        "inlier": false,
        "score": -0.49036458134651184
      }
    },
    {
      "type": "Feature",
      "geometry": {
        "type": "LineString",
        "coordinates": [
          [
            42.86872863769531,
            -73.4267349243164
          ],
          [
            42.84009552001953,
            -73.43219757080078
          ]
        ]
      },
      "properties": {
        "point_id": 204,
        "inlier": false,
        "score": -0.594690203666687
      }
    },
    {
      "type": "Feature",
      "geometry": {
        "type": "LineString",
        "coordinates": [
          [
            42.855628967285156,
            -73.43354797363281
          ],
          [
            42.81255340576172,
            -73.43375396728516
          ]
        ]
      },
      "properties": {
        "point_id": 205,
        "inlier": false,
        "score": -0.5960665345191956
      }
    },
    {
      "type": "Feature",
      "geometry": {
        "type": "LineString",
        "coordinates": [
          [
            42.87022399902344,
            -73.4237060546875
          ],
          [
            42.81264877319336,
            -73.434326171875
          ]
        ]
      },
      "properties": {
        "point_id": 206,
        "inlier": false,
        "score": -0.2561355531215668
      }
    },
    {
      "type": "Feature",
      "geometry": {
        "type": "LineString",
        "coordinates": [
          [
            42.87238311767578,
            -73.4320297241211
          ],
          [
            42.83717346191406,
            -73.41065216064453
          ]
        ]
      },
      "properties": {
        "point_id": 207,
        "inlier": false,
        "score": -0.44520288705825806
      }
    },
    {
      "type": "Feature",
      "geometry": {
        "type": "LineString",
        "coordinates": [
          [
            42.893409729003906,
            -73.41000366210938
          ],
          [
            42.8174934387207,
            -73.41547393798828
          ]
        ]
      },
      "properties": {
        "point_id": 208,
        "inlier": false,
        "score": -0.462070494890213
      }
    },
    {
      "type": "Feature",
      "geometry": {
        "type": "LineString",
        "coordinates": [
          [
            42.893707275390625,
            -73.43878173828125
          ],
          [
            42.81264877319336,
            -73.434326171875
          ]
        ]
      },
      "properties": {
        "point_id": 209,
        "inlier": false,
        "score": -0.25702863931655884
      }
    },
    {
      "type": "Feature",
      "geometry": {
        "type": "LineString",
        "coordinates": [
          [
            42.88505935668945,
            -73.42350006103516
          ],
          [
            42.81264877319336,
            -73.434326171875
          ]
        ]
      },
      "properties": {
        "point_id": 210,
        "inlier": false,
        "score": -0.4432770609855652
      }
    },
    {
      "type": "Feature",
      "geometry": {
        "type": "LineString",
        "coordinates": [
          [
            42.9045524597168,
            -73.44059753417969
          ],
          [
            42.82627487182617,
            -73.44126892089844
          ]
        ]
      },
      "properties": {
        "point_id": 211,
        "inlier": false,
        "score": -0.5096384882926941
      }
    },
    {
      "type": "Feature",
      "geometry": {
        "type": "LineString",
        "coordinates": [
          [
            42.900054931640625,
            -73.42243194580078
          ],
          [
            42.858856201171875,
            -73.42439270019531
          ]
        ]
      },
      "properties": {
        "point_id": 212,
        "inlier": false,
        "score": -0.4552127420902252
      }
    },
    {
      "type": "Feature",
      "geometry": {
        "type": "LineString",
        "coordinates": [
          [
            42.925384521484375,
            -73.43470001220703
          ],
          [
            42.88239669799805,
            -73.44184875488281
          ]
        ]
      },
      "properties": {
        "point_id": 213,
        "inlier": false,
        "score": -0.39114996790885925
      }
    },
    {
      "type": "Feature",
      "geometry": {
        "type": "LineString",
        "coordinates": [
          [
            42.91432189941406,
            -73.40859985351562
          ],
          [
            42.87989044189453,
            -73.43659210205078
          ]
        ]
      },
      "properties": {
        "point_id": 214,
        "inlier": false,
        "score": -0.8385741114616394
      }
    },
    {
      "type": "Feature",
      "geometry": {
        "type": "LineString",
        "coordinates": [
          [
            42.91817855834961,
            -73.41057586669922
          ],
          [
            42.856170654296875,
            -73.42181396484375
          ]
        ]
      },
      "properties": {
        "point_id": 215,
        "inlier": false,
        "score": 6.985334533027299e-11
      }
    },
    {
      "type": "Feature",
      "geometry": {
        "type": "LineString",
        "coordinates": [
          [
            42.71146011352539,
            -73.45110321044922
          ],
          [
            42.79512023925781,
            -73.45887756347656
          ]
        ]
      },
      "properties": {
        "point_id": 216,
        "inlier": false,
        "score": -0.3446129858493805
      }
    },
    {
      "type": "Feature",
      "geometry": {
        "type": "LineString",
        "coordinates": [
          [
            42.71072769165039,
            -73.44642639160156
          ],
          [
            42.71809768676758,
            -73.46987915039062
          ]
        ]
      },
      "properties": {
        "point_id": 217,
        "inlier": false,
        "score": -0.040929827839136124
      }
    },
    {
      "type": "Feature",
      "geometry": {
        "type": "LineString",
        "coordinates": [
          [
            42.7346076965332,
            -73.46229553222656
          ],
          [
            42.76876449584961,
            -73.44528198242188
          ]
        ]
      },
      "properties": {
        "point_id": 218,
        "inlier": false,
        "score": -0.09180983901023865
      }
    },
    {
      "type": "Feature",
      "geometry": {
        "type": "LineString",
        "coordinates": [
          [
            42.771148681640625,
            -73.44398498535156
          ],
          [
            42.77507781982422,
            -73.45134735107422
          ]
        ]
      },
      "properties": {
        "point_id": 219,
        "inlier": false,
        "score": 0.01503817830234766
      }
    },
    {
      "type": "Feature",
      "geometry": {
        "type": "LineString",
        "coordinates": [
          [
            42.77947998046875,
            -73.45824432373047
          ],
          [
            42.780975341796875,
            -73.46581268310547
          ]
        ]
      },
      "properties": {
        "point_id": 220,
        "inlier": false,
        "score": -0.14328531920909882
      }
    },
    {
      "type": "Feature",
      "geometry": {
        "type": "LineString",
        "coordinates": [
          [
            42.79585266113281,
            -73.46382141113281
          ],
          [
            42.73357009887695,
            -73.4504623413086
          ]
        ]
      },
      "properties": {
        "point_id": 221,
        "inlier": false,
        "score": 0.09156902879476547
      }
    },
    {
      "type": "Feature",
      "geometry": {
        "type": "LineString",
        "coordinates": [
          [
            42.79603958129883,
            -73.44348907470703
          ],
          [
            42.776302337646484,
            -73.46827697753906
          ]
        ]
      },
      "properties": {
        "point_id": 222,
        "inlier": false,
        "score": 0.07684241980314255
      }
    },
    {
      "type": "Feature",
      "geometry": {
        "type": "LineString",
        "coordinates": [
          [
            42.819732666015625,
            -73.46540832519531
          ],
          [
            42.80824279785156,
            -73.44717407226562
          ]
        ]
      },
      "properties": {
        "point_id": 223,
        "inlier": false,
        "score": 5.717937234805959e-11
      }
    },
    {
      "type": "Feature",
      "geometry": {
        "type": "LineString",
        "coordinates": [
          [
            42.82320022583008,
            -73.44567108154297
          ],
          [
            42.89030456542969,
            -73.46663665771484
          ]
        ]
      },
      "properties": {
        "point_id": 224,
        "inlier": false,
        "score": -0.003874134737998247
      }
    },
    {
      "type": "Feature",
      "geometry": {
        "type": "LineString",
        "coordinates": [
          [
            42.83228302001953,
            -73.46453094482422
          ],
          [
            42.830963134765625,
            -73.45823669433594
          ]
        ]
      },
      "properties": {
        "point_id": 225,
        "inlier": false,
        "score": -0.08927300572395325
      }
    },
    {
      "type": "Feature",
      "geometry": {
        "type": "LineString",
        "coordinates": [
          [
            42.82664489746094,
            -73.46769714355469
          ],
          [
            42.86202621459961,
            -73.44049072265625
          ]
        ]
      },
      "properties": {
        "point_id": 226,
        "inlier": false,
        "score": 0.11998816579580307
      }
    },
    {
      "type": "Feature",
      "geometry": {
        "type": "LineString",
        "coordinates": [
          [
            42.840938568115234,
            -73.45993041992188
          ],
          [
            42.876670837402344,
            -73.44774627685547
          ]
        ]
      },
      "properties": {
        "point_id": 227,
        "inlier": false,
        "score": -0.08586304634809494
      }
    },
    {
      "type": "Feature",
      "geometry": {
        "type": "LineString",
        "coordinates": [
          [
            42.85004806518555,
            -73.46472930908203
          ],
          [
            42.823944091796875,
            -73.45179748535156
          ]
        ]
      },
      "properties": {
        "point_id": 228,
        "inlier": false,
        "score": 0.06865326315164566
      }
    },
    {
      "type": "Feature",
      "geometry": {
        "type": "LineString",
        "coordinates": [
          [
            42.84126663208008,
            -73.45574951171875
          ],
          [
            42.88100051879883,
            -73.46109771728516
          ]
        ]
      },
      "properties": {
        "point_id": 229,
        "inlier": false,
        "score": 0.2530462145805359
      }
    },
    {
      "type": "Feature",
      "geometry": {
        "type": "LineString",
        "coordinates": [
          [
            42.88018035888672,
            -73.44857788085938
          ],
          [
            42.88302993774414,
            -73.45274353027344
          ]
        ]
      },
      "properties": {
        "point_id": 230,
        "inlier": false,
        "score": 0.08799389004707336
      }
    },
    {
      "type": "Feature",
      "geometry": {
        "type": "LineString",
        "coordinates": [
          [
            42.88344192504883,
            -73.45753479003906
          ],
          [
            42.91862487792969,
            -73.46708679199219
          ]
        ]
      },
      "properties": {
        "point_id": 231,
        "inlier": false,
        "score": -0.11829100549221039
      }
    },
    {
      "type": "Feature",
      "geometry": {
        "type": "LineString",
        "coordinates": [
          [
            42.884521484375,
            -73.46576690673828
          ],
          [
            42.910377502441406,
            -73.46958923339844
          ]
        ]
      },
      "properties": {
        "point_id": 232,
        "inlier": false,
        "score": 0.05342083051800728
      }
    },
    {
      "type": "Feature",
      "geometry": {
        "type": "LineString",
        "coordinates": [
          [
            42.89461135864258,
            -73.4471435546875
          ],
          [
            42.88842010498047,
            -73.44204711914062
          ]
        ]
      },
      "properties": {
        "point_id": 233,
        "inlier": false,
        "score": 0.04609668254852295
      }
    },
    {
      "type": "Feature",
      "geometry": {
        "type": "LineString",
        "coordinates": [
          [
            42.889339447021484,
            -73.44540405273438
          ],
          [
            42.84861373901367,
            -73.46298217773438
          ]
        ]
      },
      "properties": {
        "point_id": 234,
        "inlier": false,
        "score": -0.2116696983575821
      }
    },
    {
      "type": "Feature",
      "geometry": {
        "type": "LineString",
        "coordinates": [
          [
            42.9146728515625,
            -73.44110107421875
          ],
          [
            42.88100051879883,
            -73.46109771728516
          ]
        ]
      },
      "properties": {
        "point_id": 235,
        "inlier": false,
        "score": 0.04213939234614372
      }
    },
    {
      "type": "Feature",
      "geometry": {
        "type": "LineString",
        "coordinates": [
          [
            42.92090606689453,
            -73.47132110595703
          ],
          [
            42.843963623046875,
            -73.46724700927734
          ]
        ]
      },
      "properties": {
        "point_id": 236,
        "inlier": false,
        "score": -0.014652700163424015
      }
    },
    {
      "type": "Feature",
      "geometry": {
        "type": "LineString",
        "coordinates": [
          [
            42.923614501953125,
            -73.46646881103516
          ],
          [
            42.855690002441406,
            -73.46994018554688
          ]
        ]
      },
      "properties": {
        "point_id": 237,
        "inlier": false,
        "score": 4.9723003492374573e-11
      }
    },
    {
      "type": "Feature",
      "geometry": {
        "type": "LineString",
        "coordinates": [
          [
            42.605621337890625,
            -73.45390319824219
          ],
          [
            42.69804000854492,
            -73.45927429199219
          ]
        ]
      },
      "properties": {
        "point_id": 238,
        "inlier": false,
        "score": 0.08724401891231537
      }
    },
    {
      "type": "Feature",
      "geometry": {
        "type": "LineString",
        "coordinates": [
          [
            42.609779357910156,
            -73.4586181640625
          ],
          [
            42.644775390625,
            -73.45707702636719
          ]
        ]
      },
      "properties": {
        "point_id": 239,
        "inlier": false,
        "score": 0.04158775135874748
      }
    },
    {
      "type": "Feature",
      "geometry": {
        "type": "LineString",
        "coordinates": [
          [
            42.61838912963867,
            -73.46499633789062
          ],
          [
            42.64339828491211,
            -73.44963073730469
          ]
        ]
      },
      "properties": {
        "point_id": 240,
        "inlier": false,
        "score": 0.4149533212184906
      }
    },
    {
      "type": "Feature",
      "geometry": {
        "type": "LineString",
        "coordinates": [
          [
            42.63695526123047,
            -73.47061920166016
          ],
          [
            42.710166931152344,
            -73.45951080322266
          ]
        ]
      },
      "properties": {
        "point_id": 241,
        "inlier": false,
        "score": 0.3089365065097809
      }
    },
    {
      "type": "Feature",
      "geometry": {
        "type": "LineString",
        "coordinates": [
          [
            42.634788513183594,
            -73.45755004882812
          ],
          [
            42.717620849609375,
            -73.44603729248047
          ]
        ]
      },
      "properties": {
        "point_id": 242,
        "inlier": false,
        "score": -0.08374103903770447
      }
    },
    {
      "type": "Feature",
      "geometry": {
        "type": "LineString",
        "coordinates": [
          [
            42.653621673583984,
            -73.45840454101562
          ],
          [
            42.661922454833984,
            -73.44886779785156
          ]
        ]
      },
      "properties": {
        "point_id": 243,
        "inlier": false,
        "score": 0.028493985533714294
      }
    },
    {
      "type": "Feature",
      "geometry": {
        "type": "LineString",
        "coordinates": [
          [
            42.657989501953125,
            -73.46824645996094
          ],
          [
            42.7021369934082,
            -73.46680450439453
          ]
        ]
      },
      "properties": {
        "point_id": 244,
        "inlier": false,
        "score": 0.185659721493721
      }
    },
    {
      "type": "Feature",
      "geometry": {
        "type": "LineString",
        "coordinates": [
          [
            42.667816162109375,
            -73.44898223876953
          ],
          [
            42.62636184692383,
            -73.45539093017578
          ]
        ]
      },
      "properties": {
        "point_id": 245,
        "inlier": false,
        "score": -0.005640891380608082
      }
    },
    {
      "type": "Feature",
      "geometry": {
        "type": "LineString",
        "coordinates": [
          [
            42.68734359741211,
            -73.45037841796875
          ],
          [
            42.69770812988281,
            -73.4632797241211
          ]
        ]
      },
      "properties": {
        "point_id": 246,
        "inlier": false,
        "score": 0.021084444597363472
      }
    },
    {
      "type": "Feature",
      "geometry": {
        "type": "LineString",
        "coordinates": [
          [
            42.700496673583984,
            -73.46098327636719
          ],
          [
            42.673580169677734,
            -73.47006225585938
          ]
        ]
      },
      "properties": {
        "point_id": 247,
        "inlier": false,
        "score": 0.06426980346441269
      }
    },
    {
      "type": "Feature",
      "geometry": {
        "type": "LineString",
        "coordinates": [
          [
            42.69797897338867,
            -73.45320129394531
          ],
          [
            42.65800857543945,
            -73.45252227783203
          ]
        ]
      },
      "properties": {
        "point_id": 248,
        "inlier": false,
        "score": 0.02298440784215927
      }
    },
    {
      "type": "Feature",
      "geometry": {
        "type": "LineString",
        "coordinates": [
          [
            42.697757720947266,
            -73.43879699707031
          ],
          [
            42.62392044067383,
            -73.44396209716797
          ]
        ]
      },
      "properties": {
        "point_id": 249,
        "inlier": false,
        "score": -0.05830596387386322
      }
    },
    {
      "type": "Feature",
      "geometry": {
        "type": "LineString",
        "coordinates": [
          [
            42.71285629272461,
            -73.4686508178711
          ],
          [
            42.69023132324219,
            -73.47113037109375
          ]
        ]
      },
      "properties": {
        "point_id": 250,
        "inlier": false,
        "score": 0.197779580950737
      }
    },
    {
      "type": "Feature",
      "geometry": {
        "type": "LineString",
        "coordinates": [
          [
            42.70453643798828,
            -73.4501953125
          ],
          [
            42.69147491455078,
            -73.4552001953125
          ]
        ]
      },
      "properties": {
        "point_id": 251,
        "inlier": false,
        "score": 4.543720955041408e-11
      }
    },
    {
      "type": "Feature",
      "geometry": {
        "type": "LineString",
        "coordinates": [
          [
            42.8214225769043,
            -73.47333526611328
          ],
          [
            42.836177825927734,
            -73.46760559082031
          ]
        ]
      },
      "properties": {
        "point_id": 252,
        "inlier": false,
        "score": 0.24492843449115753
      }
    },
    {
      "type": "Feature",
      "geometry": {
        "type": "LineString",
        "coordinates": [
          [
            42.810882568359375,
            -73.4946517944336
          ],
          [
            42.87677764892578,
            -73.4906005859375
          ]
        ]
      },
      "properties": {
        "point_id": 253,
        "inlier": false,
        "score": -0.06797067821025848
      }
    },
    {
      "type": "Feature",
      "geometry": {
        "type": "LineString",
        "coordinates": [
          [
            42.83018493652344,
            -73.4712142944336
          ],
          [
            42.916263580322266,
            -73.4820785522461
          ]
        ]
      },
      "properties": {
        "point_id": 254,
        "inlier": false,
        "score": 0.11479966342449188
      }
    },
    {
      "type": "Feature",
      "geometry": {
        "type": "LineString",
        "coordinates": [
          [
            42.839900970458984,
            -73.48998260498047
          ],
          [
            42.87677764892578,
            -73.4906005859375
          ]
        ]
      },
      "properties": {
        "point_id": 255,
        "inlier": false,
        "score": 0.20817285776138306
      }
    },
    {
      "type": "Feature",
      "geometry": {
        "type": "LineString",
        "coordinates": [
          [
            42.8580322265625,
            -73.50106048583984
          ],
          [
            42.83781051635742,
            -73.49688720703125
          ]
        ]
      },
      "properties": {
        "point_id": 256,
        "inlier": false,
        "score": 0.2596801519393921
      }
    },
    {
      "type": "Feature",
      "geometry": {
        "type": "LineString",
        "coordinates": [
          [
            42.8787841796875,
            -73.49401092529297
          ],
          [
            42.84613800048828,
            -73.4720458984375
          ]
        ]
      },
      "properties": {
        "point_id": 257,
        "inlier": false,
        "score": 0.13089649379253387
      }
    },
    {
      "type": "Feature",
      "geometry": {
        "type": "LineString",
        "coordinates": [
          [
            42.88810729980469,
            -73.47852325439453
          ],
          [
            42.8525390625,
            -73.46958923339844
          ]
        ]
      },
      "properties": {
        "point_id": 258,
        "inlier": false,
        "score": 0.284347802400589
      }
    },
    {
      "type": "Feature",
      "geometry": {
        "type": "LineString",
        "coordinates": [
          [
            42.886474609375,
            -73.49002838134766
          ],
          [
            42.87677764892578,
            -73.4906005859375
          ]
        ]
      },
      "properties": {
        "point_id": 259,
        "inlier": false,
        "score": 4.592337621289744e-11
      }
    },
    {
      "type": "Feature",
      "geometry": {
        "type": "LineString",
        "coordinates": [
          [
            42.61020278930664,
            -73.4698715209961
          ],
          [
            42.7035026550293,
            -73.4983139038086
          ]
        ]
      },
      "properties": {
        "point_id": 260,
        "inlier": false,
        "score": 0.188789501786232
      }
    },
    {
      "type": "Feature",
      "geometry": {
        "type": "LineString",
        "coordinates": [
          [
            42.606239318847656,
            -73.46858978271484
          ],
          [
            42.709171295166016,
            -73.4728012084961
          ]
        ]
      },
      "properties": {
        "point_id": 261,
        "inlier": false,
        "score": 0.21606558561325073
      }
    },
    {
      "type": "Feature",
      "geometry": {
        "type": "LineString",
        "coordinates": [
          [
            42.63423538208008,
            -73.49847412109375
          ],
          [
            42.67573165893555,
            -73.48401641845703
          ]
        ]
      },
      "properties": {
        "point_id": 262,
        "inlier": false,
        "score": 0.15571613609790802
      }
    },
    {
      "type": "Feature",
      "geometry": {
        "type": "LineString",
        "coordinates": [
          [
            42.64318084716797,
            -73.48128509521484
          ],
          [
            42.688350677490234,
            -73.48358154296875
          ]
        ]
      },
      "properties": {
        "point_id": 263,
        "inlier": false,
        "score": 0.060923926532268524
      }
    },
    {
      "type": "Feature",
      "geometry": {
        "type": "LineString",
        "coordinates": [
          [
            42.66790008544922,
            -73.47147369384766
          ],
          [
            42.707275390625,
            -73.47936248779297
          ]
        ]
      },
      "properties": {
        "point_id": 264,
        "inlier": false,
        "score": 0.2926413118839264
      }
    },
    {
      "type": "Feature",
      "geometry": {
        "type": "LineString",
        "coordinates": [
          [
            42.660423278808594,
            -73.4689712524414
          ],
          [
            42.67573165893555,
            -73.48401641845703
          ]
        ]
      },
      "properties": {
        "point_id": 265,
        "inlier": false,
        "score": -0.007277796044945717
      }
    },
    {
      "type": "Feature",
      "geometry": {
        "type": "LineString",
        "coordinates": [
          [
            42.68301010131836,
            -73.47055053710938
          ],
          [
            42.67568588256836,
            -73.48402404785156
          ]
        ]
      },
      "properties": {
        "point_id": 266,
        "inlier": false,
        "score": 0.004702441394329071
      }
    },
    {
      "type": "Feature",
      "geometry": {
        "type": "LineString",
        "coordinates": [
          [
            42.68043518066406,
            -73.4824447631836
          ],
          [
            42.71527862548828,
            -73.47831726074219
          ]
        ]
      },
      "properties": {
        "point_id": 267,
        "inlier": false,
        "score": 0.24596448242664337
      }
    },
    {
      "type": "Feature",
      "geometry": {
        "type": "LineString",
        "coordinates": [
          [
            42.68043518066406,
            -73.4824447631836
          ],
          [
            42.71527862548828,
            -73.47831726074219
          ]
        ]
      },
      "properties": {
        "point_id": 268,
        "inlier": false,
        "score": 0.14001281559467316
      }
    },
    {
      "type": "Feature",
      "geometry": {
        "type": "LineString",
        "coordinates": [
          [
            42.684043884277344,
            -73.4830093383789
          ],
          [
            42.66028594970703,
            -73.47499084472656
          ]
        ]
      },
      "properties": {
        "point_id": 269,
        "inlier": false,
        "score": -0.025806229561567307
      }
    },
    {
      "type": "Feature",
      "geometry": {
        "type": "LineString",
        "coordinates": [
          [
            42.69830322265625,
            -73.48820495605469
          ],
          [
            42.66484832763672,
            -73.48606872558594
          ]
        ]
      },
      "properties": {
        "point_id": 270,
        "inlier": false,
        "score": 0.16136202216148376
      }
    },
    {
      "type": "Feature",
      "geometry": {
        "type": "LineString",
        "coordinates": [
          [
            42.693294525146484,
            -73.48564147949219
          ],
          [
            42.70415496826172,
            -73.48776245117188
          ]
        ]
      },
      "properties": {
        "point_id": 271,
        "inlier": false,
        "score": 0.2153841257095337
      }
    },
    {
      "type": "Feature",
      "geometry": {
        "type": "LineString",
        "coordinates": [
          [
            42.71285629272461,
            -73.4686508178711
          ],
          [
            42.69023132324219,
            -73.47113037109375
          ]
        ]
      },
      "properties": {
        "point_id": 272,
        "inlier": false,
        "score": 0.21447637677192688
      }
    },
    {
      "type": "Feature",
      "geometry": {
        "type": "LineString",
        "coordinates": [
          [
            42.7130012512207,
            -73.49272918701172
          ],
          [
            42.68575668334961,
            -73.49407958984375
          ]
        ]
      },
      "properties": {
        "point_id": 273,
        "inlier": false,
        "score": 0.05364816635847092
      }
    },
    {
      "type": "Feature",
      "geometry": {
        "type": "LineString",
        "coordinates": [
          [
            42.70459747314453,
            -73.47637939453125
          ],
          [
            42.69451141357422,
            -73.4994125366211
          ]
        ]
      },
      "properties": {
        "point_id": 274,
        "inlier": false,
        "score": 0.2935934364795685
      }
    },
    {
      "type": "Feature",
      "geometry": {
        "type": "LineString",
        "coordinates": [
          [
            42.7186164855957,
            -73.47667694091797
          ],
          [
            42.70415496826172,
            -73.48776245117188
          ]
        ]
      },
      "properties": {
        "point_id": 275,
        "inlier": false,
        "score": 0.18741196393966675
      }
    },
    {
      "type": "Feature",
      "geometry": {
        "type": "LineString",
        "coordinates": [
          [
            42.71345901489258,
            -73.48101806640625
          ],
          [
            42.67573165893555,
            -73.48401641845703
          ]
        ]
      },
      "properties": {
        "point_id": 276,
        "inlier": false,
        "score": 4.4491521578038373e-11
      }
    },
    {
      "type": "Feature",
      "geometry": {
        "type": "LineString",
        "coordinates": [
          [
            42.7186164855957,
            -73.47667694091797
          ],
          [
            42.77688980102539,
            -73.4734878540039
          ]
        ]
      },
      "properties": {
        "point_id": 277,
        "inlier": false,
        "score": 0.137955904006958
      }
    },
    {
      "type": "Feature",
      "geometry": {
        "type": "LineString",
        "coordinates": [
          [
            42.76057815551758,
            -73.49183654785156
          ],
          [
            42.78303146362305,
            -73.48513793945312
          ]
        ]
      },
      "properties": {
        "point_id": 278,
        "inlier": false,
        "score": -0.04288420453667641
      }
    },
    {
      "type": "Feature",
      "geometry": {
        "type": "LineString",
        "coordinates": [
          [
            42.76057815551758,
            -73.49183654785156
          ],
          [
            42.78303146362305,
            -73.48513793945312
          ]
        ]
      },
      "properties": {
        "point_id": 279,
        "inlier": false,
        "score": -0.08586789667606354
      }
    },
    {
      "type": "Feature",
      "geometry": {
        "type": "LineString",
        "coordinates": [
          [
            42.76634216308594,
            -73.47172546386719
          ],
          [
            42.81410217285156,
            -73.4971694946289
          ]
        ]
      },
      "properties": {
        "point_id": 280,
        "inlier": false,
        "score": -0.12334291636943817
      }
    },
    {
      "type": "Feature",
      "geometry": {
        "type": "LineString",
        "coordinates": [
          [
            42.780540466308594,
            -73.47259521484375
          ],
          [
            42.77853012084961,
            -73.49150085449219
          ]
        ]
      },
      "properties": {
        "point_id": 281,
        "inlier": false,
        "score": -0.14404235780239105
      }
    },
    {
      "type": "Feature",
      "geometry": {
        "type": "LineString",
        "coordinates": [
          [
            42.80647659301758,
            -73.4764404296875
          ],
          [
            42.77711868286133,
            -73.49205017089844
          ]
        ]
      },
      "properties": {
        "point_id": 282,
        "inlier": false,
        "score": 0.007019984070211649
      }
    },
    {
      "type": "Feature",
      "geometry": {
        "type": "LineString",
        "coordinates": [
          [
            42.8214225769043,
            -73.47333526611328
          ],
          [
            42.72018051147461,
            -73.48265075683594
          ]
        ]
      },
      "properties": {
        "point_id": 283,
        "inlier": false,
        "score": 0.01837105304002762
      }
    },
    {
      "type": "Feature",
      "geometry": {
        "type": "LineString",
        "coordinates": [
          [
            42.808990478515625,
            -73.48509216308594
          ],
          [
            42.7225341796875,
            -73.47331237792969
          ]
        ]
      },
      "properties": {
        "point_id": 284,
        "inlier": false,
        "score": 5.3709148239988735e-11
      }
    },
    {
      "type": "Feature",
      "geometry": {
        "type": "LineString",
        "coordinates": [
          [
            42.61305618286133,
            -73.51596069335938
          ],
          [
            42.704742431640625,
            -73.50225830078125
          ]
        ]
      },
      "properties": {
        "point_id": 285,
        "inlier": false,
        "score": -0.009900943376123905
      }
    },
    {
      "type": "Feature",
      "geometry": {
        "type": "LineString",
        "coordinates": [
          [
            42.63672637939453,
            -73.5052261352539
          ],
          [
            42.70486068725586,
            -73.50621032714844
          ]
        ]
      },
      "properties": {
        "point_id": 286,
        "inlier": false,
        "score": 0.010679020546376705
      }
    },
    {
      "type": "Feature",
      "geometry": {
        "type": "LineString",
        "coordinates": [
          [
            42.6311149597168,
            -73.50739288330078
          ],
          [
            42.70477294921875,
            -73.50074768066406
          ]
        ]
      },
      "properties": {
        "point_id": 287,
        "inlier": false,
        "score": -0.09243658185005188
      }
    },
    {
      "type": "Feature",
      "geometry": {
        "type": "LineString",
        "coordinates": [
          [
            42.65454864501953,
            -73.51670837402344
          ],
          [
            42.69063949584961,
            -73.50348663330078
          ]
        ]
      },
      "properties": {
        "point_id": 288,
        "inlier": false,
        "score": 0.3132641017436981
      }
    },
    {
      "type": "Feature",
      "geometry": {
        "type": "LineString",
        "coordinates": [
          [
            42.645259857177734,
            -73.50352478027344
          ],
          [
            42.683021545410156,
            -73.50130462646484
          ]
        ]
      },
      "properties": {
        "point_id": 289,
        "inlier": false,
        "score": -0.13682715594768524
      }
    },
    {
      "type": "Feature",
      "geometry": {
        "type": "LineString",
        "coordinates": [
          [
            42.65642547607422,
            -73.50128173828125
          ],
          [
            42.704742431640625,
            -73.50225830078125
          ]
        ]
      },
      "properties": {
        "point_id": 290,
        "inlier": false,
        "score": 0.08127879351377487
      }
    },
    {
      "type": "Feature",
      "geometry": {
        "type": "LineString",
        "coordinates": [
          [
            42.67427444458008,
            -73.51420593261719
          ],
          [
            42.695220947265625,
            -73.50619506835938
          ]
        ]
      },
      "properties": {
        "point_id": 291,
        "inlier": false,
        "score": 0.10962476581335068
      }
    },
    {
      "type": "Feature",
      "geometry": {
        "type": "LineString",
        "coordinates": [
          [
            42.67220687866211,
            -73.50797271728516
          ],
          [
            42.7155876159668,
            -73.51073455810547
          ]
        ]
      },
      "properties": {
        "point_id": 292,
        "inlier": false,
        "score": 0.3228451609611511
      }
    },
    {
      "type": "Feature",
      "geometry": {
        "type": "LineString",
        "coordinates": [
          [
            42.675514221191406,
            -73.50994110107422
          ],
          [
            42.704742431640625,
            -73.50225830078125
          ]
        ]
      },
      "properties": {
        "point_id": 293,
        "inlier": false,
        "score": 0.2306969314813614
      }
    },
    {
      "type": "Feature",
      "geometry": {
        "type": "LineString",
        "coordinates": [
          [
            42.67829132080078,
            -73.51678466796875
          ],
          [
            42.69638442993164,
            -73.51309204101562
          ]
        ]
      },
      "properties": {
        "point_id": 294,
        "inlier": false,
        "score": -0.06463918834924698
      }
    },
    {
      "type": "Feature",
      "geometry": {
        "type": "LineString",
        "coordinates": [
          [
            42.692138671875,
            -73.50202941894531
          ],
          [
            42.70665740966797,
            -73.50092315673828
          ]
        ]
      },
      "properties": {
        "point_id": 295,
        "inlier": false,
        "score": -0.03263106942176819
      }
    },
    {
      "type": "Feature",
      "geometry": {
        "type": "LineString",
        "coordinates": [
          [
            42.70993423461914,
            -73.51432800292969
          ],
          [
            42.695220947265625,
            -73.50619506835938
          ]
        ]
      },
      "properties": {
        "point_id": 296,
        "inlier": false,
        "score": 0.05143672600388527
      }
    },
    {
      "type": "Feature",
      "geometry": {
        "type": "LineString",
        "coordinates": [
          [
            42.7158317565918,
            -73.50471496582031
          ],
          [
            42.71495819091797,
            -73.5197525024414
          ]
        ]
      },
      "properties": {
        "point_id": 297,
        "inlier": false,
        "score": 0.009877406992018223
      }
    },
    {
      "type": "Feature",
      "geometry": {
        "type": "LineString",
        "coordinates": [
          [
            42.7158317565918,
            -73.50471496582031
          ],
          [
            42.71495819091797,
            -73.5197525024414
          ]
        ]
      },
      "properties": {
        "point_id": 298,
        "inlier": false,
        "score": 0.12491463124752045
      }
    },
    {
      "type": "Feature",
      "geometry": {
        "type": "LineString",
        "coordinates": [
          [
            42.713783264160156,
            -73.52120208740234
          ],
          [
            42.69548034667969,
            -73.5078125
          ]
        ]
      },
      "properties": {
        "point_id": 299,
        "inlier": false,
        "score": 4.320632740473229e-11
      }
    },
    {
      "type": "Feature",
      "geometry": {
        "type": "LineString",
        "coordinates": [
          [
            42.7158317565918,
            -73.50471496582031
          ],
          [
            42.71495819091797,
            -73.5197525024414
          ]
        ]
      },
      "properties": {
        "point_id": 300,
        "inlier": false,
        "score": -0.007893404923379421
      }
    },
    {
      "type": "Feature",
      "geometry": {
        "type": "LineString",
        "coordinates": [
          [
            42.75312423706055,
            -73.51935577392578
          ],
          [
            42.793678283691406,
            -73.51875305175781
          ]
        ]
      },
      "properties": {
        "point_id": 301,
        "inlier": false,
        "score": -0.04460815712809563
      }
    },
    {
      "type": "Feature",
      "geometry": {
        "type": "LineString",
        "coordinates": [
          [
            42.77840042114258,
            -73.5131607055664
          ],
          [
            42.70665740966797,
            -73.50092315673828
          ]
        ]
      },
      "properties": {
        "point_id": 302,
        "inlier": false,
        "score": -0.14074760675430298
      }
    },
    {
      "type": "Feature",
      "geometry": {
        "type": "LineString",
        "coordinates": [
          [
            42.804378509521484,
            -73.517578125
          ],
          [
            42.81182098388672,
            -73.50640869140625
          ]
        ]
      },
      "properties": {
        "point_id": 303,
        "inlier": false,
        "score": -0.09211467951536179
      }
    },
    {
      "type": "Feature",
      "geometry": {
        "type": "LineString",
        "coordinates": [
          [
            42.813114166259766,
            -73.506591796875
          ],
          [
            42.80158996582031,
            -73.51558685302734
          ]
        ]
      },
      "properties": {
        "point_id": 304,
        "inlier": false,
        "score": 0.459291934967041
      }
    },
    {
      "type": "Feature",
      "geometry": {
        "type": "LineString",
        "coordinates": [
          [
            42.818416595458984,
            -73.50592041015625
          ],
          [
            42.81995391845703,
            -73.51470184326172
          ]
        ]
      },
      "properties": {
        "point_id": 305,
        "inlier": true,
        "score": -0.004398352932184935
      }
    },
    {
      "type": "Feature",
      "geometry": {
        "type": "LineString",
        "coordinates": [
          [
            42.81474685668945,
            -73.51780700683594
          ],
          [
            42.78759765625,
            -73.5081787109375
          ]
        ]
      },
      "properties": {
        "point_id": 306,
        "inlier": false,
        "score": 4.9763637655075854e-11
      }
    },
    {
      "type": "Feature",
      "geometry": {
        "type": "LineString",
        "coordinates": [
          [
            42.82320022583008,
            -73.44567108154297
          ],
          [
            42.89030456542969,
            -73.46663665771484
          ]
        ]
      },
      "properties": {
        "point_id": 307,
        "inlier": false,
        "score": -0.003874134737998247
      }
    },
    {
      "type": "Feature",
      "geometry": {
        "type": "LineString",
        "coordinates": [
          [
            42.81230163574219,
            -73.45923614501953
          ],
          [
            42.89911651611328,
            -73.46830749511719
          ]
        ]
      },
      "properties": {
        "point_id": 308,
        "inlier": false,
        "score": -0.21313795447349548
      }
    },
    {
      "type": "Feature",
      "geometry": {
        "type": "LineString",
        "coordinates": [
          [
            42.83228302001953,
            -73.46453094482422
          ],
          [
            42.830963134765625,
            -73.45823669433594
          ]
        ]
      },
      "properties": {
        "point_id": 309,
        "inlier": false,
        "score": -0.08927300572395325
      }
    },
    {
      "type": "Feature",
      "geometry": {
        "type": "LineString",
        "coordinates": [
          [
            42.82664489746094,
            -73.46769714355469
          ],
          [
            42.86202621459961,
            -73.44049072265625
          ]
        ]
      },
      "properties": {
        "point_id": 310,
        "inlier": false,
        "score": 0.11998816579580307
      }
    },
    {
      "type": "Feature",
      "geometry": {
        "type": "LineString",
        "coordinates": [
          [
            42.85004806518555,
            -73.46472930908203
          ],
          [
            42.823944091796875,
            -73.45179748535156
          ]
        ]
      },
      "properties": {
        "point_id": 311,
        "inlier": false,
        "score": 0.06865326315164566
      }
    },
    {
      "type": "Feature",
      "geometry": {
        "type": "LineString",
        "coordinates": [
          [
            42.84126663208008,
            -73.45574951171875
          ],
          [
            42.88100051879883,
            -73.46109771728516
          ]
        ]
      },
      "properties": {
        "point_id": 312,
        "inlier": false,
        "score": 0.2530462145805359
      }
    },
    {
      "type": "Feature",
      "geometry": {
        "type": "LineString",
        "coordinates": [
          [
            42.88344192504883,
            -73.45753479003906
          ],
          [
            42.91862487792969,
            -73.46708679199219
          ]
        ]
      },
      "properties": {
        "point_id": 313,
        "inlier": false,
        "score": -0.11829100549221039
      }
    },
    {
      "type": "Feature",
      "geometry": {
        "type": "LineString",
        "coordinates": [
          [
            42.884521484375,
            -73.46576690673828
          ],
          [
            42.910377502441406,
            -73.46958923339844
          ]
        ]
      },
      "properties": {
        "point_id": 314,
        "inlier": false,
        "score": 0.05342083051800728
      }
    },
    {
      "type": "Feature",
      "geometry": {
        "type": "LineString",
        "coordinates": [
          [
            42.889339447021484,
            -73.44540405273438
          ],
          [
            42.84861373901367,
            -73.46298217773438
          ]
        ]
      },
      "properties": {
        "point_id": 315,
        "inlier": false,
        "score": -0.2116696983575821
      }
    },
    {
      "type": "Feature",
      "geometry": {
        "type": "LineString",
        "coordinates": [
          [
            42.923614501953125,
            -73.46646881103516
          ],
          [
            42.855690002441406,
            -73.46994018554688
          ]
        ]
      },
      "properties": {
        "point_id": 316,
        "inlier": false,
        "score": 4.9723003492374573e-11
      }
    },
    {
      "type": "Feature",
      "geometry": {
        "type": "LineString",
        "coordinates": [
          [
            42.818416595458984,
            -73.50592041015625
          ],
          [
            42.81995391845703,
            -73.51470184326172
          ]
        ]
      },
      "properties": {
        "point_id": 317,
        "inlier": true,
        "score": 0.034662291407585144
      }
    },
    {
      "type": "Feature",
      "geometry": {
        "type": "LineString",
        "coordinates": [
          [
            42.82568359375,
            -73.51834869384766
          ],
          [
            42.85784149169922,
            -73.52111053466797
          ]
        ]
      },
      "properties": {
        "point_id": 318,
        "inlier": false,
        "score": -0.05528305470943451
      }
    },
    {
      "type": "Feature",
      "geometry": {
        "type": "LineString",
        "coordinates": [
          [
            42.841766357421875,
            -73.50369262695312
          ],
          [
            42.84810256958008,
            -73.51419067382812
          ]
        ]
      },
      "properties": {
        "point_id": 319,
        "inlier": false,
        "score": 0.06777791678905487
      }
    },
    {
      "type": "Feature",
      "geometry": {
        "type": "LineString",
        "coordinates": [
          [
            42.8841438293457,
            -73.5103759765625
          ],
          [
            42.91718292236328,
            -73.5201187133789
          ]
        ]
      },
      "properties": {
        "point_id": 320,
        "inlier": false,
        "score": 0.2326727956533432
      }
    },
    {
      "type": "Feature",
      "geometry": {
        "type": "LineString",
        "coordinates": [
          [
            42.89353942871094,
            -73.51499938964844
          ],
          [
            42.88301086425781,
            -73.51258087158203
          ]
        ]
      },
      "properties": {
        "point_id": 321,
        "inlier": false,
        "score": 0.05666675791144371
      }
    },
    {
      "type": "Feature",
      "geometry": {
        "type": "LineString",
        "coordinates": [
          [
            42.885765075683594,
            -73.499267578125
          ],
          [
            42.84810256958008,
            -73.51419067382812
          ]
        ]
      },
      "properties": {
        "point_id": 322,
        "inlier": false,
        "score": 0.2255362868309021
      }
    },
    {
      "type": "Feature",
      "geometry": {
        "type": "LineString",
        "coordinates": [
          [
            42.911224365234375,
            -73.51248168945312
          ],
          [
            42.81403732299805,
            -73.49717712402344
          ]
        ]
      },
      "properties": {
        "point_id": 323,
        "inlier": false,
        "score": 4.782829687854928e-11
      }
    },
    {
      "type": "Feature",
      "geometry": {
        "type": "LineString",
        "coordinates": [
          [
            42.608642578125,
            -73.54949188232422
          ],
          [
            42.71763229370117,
            -73.52928161621094
          ]
        ]
      },
      "properties": {
        "point_id": 324,
        "inlier": false,
        "score": 0.09908881038427353
      }
    },
    {
      "type": "Feature",
      "geometry": {
        "type": "LineString",
        "coordinates": [
          [
            42.608642578125,
            -73.54949188232422
          ],
          [
            42.71763229370117,
            -73.52928161621094
          ]
        ]
      },
      "properties": {
        "point_id": 325,
        "inlier": false,
        "score": 0.040092360228300095
      }
    },
    {
      "type": "Feature",
      "geometry": {
        "type": "LineString",
        "coordinates": [
          [
            42.614418029785156,
            -73.53206634521484
          ],
          [
            42.717620849609375,
            -73.529296875
          ]
        ]
      },
      "properties": {
        "point_id": 326,
        "inlier": false,
        "score": 0.15678255259990692
      }
    },
    {
      "type": "Feature",
      "geometry": {
        "type": "LineString",
        "coordinates": [
          [
            42.614418029785156,
            -73.53206634521484
          ],
          [
            42.717620849609375,
            -73.529296875
          ]
        ]
      },
      "properties": {
        "point_id": 327,
        "inlier": false,
        "score": 0.1345422863960266
      }
    },
    {
      "type": "Feature",
      "geometry": {
        "type": "LineString",
        "coordinates": [
          [
            42.60336685180664,
            -73.53439331054688
          ],
          [
            42.71886444091797,
            -73.52832794189453
          ]
        ]
      },
      "properties": {
        "point_id": 328,
        "inlier": false,
        "score": 0.06165022403001785
      }
    },
    {
      "type": "Feature",
      "geometry": {
        "type": "LineString",
        "coordinates": [
          [
            42.613704681396484,
            -73.55250549316406
          ],
          [
            42.71733093261719,
            -73.52766418457031
          ]
        ]
      },
      "properties": {
        "point_id": 329,
        "inlier": true,
        "score": 0.026019135490059853
      }
    },
    {
      "type": "Feature",
      "geometry": {
        "type": "LineString",
        "coordinates": [
          [
            42.613704681396484,
            -73.55250549316406
          ],
          [
            42.71733093261719,
            -73.52766418457031
          ]
        ]
      },
      "properties": {
        "point_id": 330,
        "inlier": true,
        "score": -0.06567300111055374
      }
    },
    {
      "type": "Feature",
      "geometry": {
        "type": "LineString",
        "coordinates": [
          [
            42.60215759277344,
            -73.55242156982422
          ],
          [
            42.71552658081055,
            -73.52740478515625
          ]
        ]
      },
      "properties": {
        "point_id": 331,
        "inlier": false,
        "score": 0.1317935585975647
      }
    },
    {
      "type": "Feature",
      "geometry": {
        "type": "LineString",
        "coordinates": [
          [
            42.61891555786133,
            -73.53658294677734
          ],
          [
            42.717620849609375,
            -73.529296875
          ]
        ]
      },
      "properties": {
        "point_id": 332,
        "inlier": false,
        "score": 0.06107165664434433
      }
    },
    {
      "type": "Feature",
      "geometry": {
        "type": "LineString",
        "coordinates": [
          [
            42.61891555786133,
            -73.53658294677734
          ],
          [
            42.717620849609375,
            -73.529296875
          ]
        ]
      },
      "properties": {
        "point_id": 333,
        "inlier": false,
        "score": 0.11413735896348953
      }
    },
    {
      "type": "Feature",
      "geometry": {
        "type": "LineString",
        "coordinates": [
          [
            42.62083053588867,
            -73.5386962890625
          ],
          [
            42.71760177612305,
            -73.529296875
          ]
        ]
      },
      "properties": {
        "point_id": 334,
        "inlier": false,
        "score": 0.1469910442829132
      }
    },
    {
      "type": "Feature",
      "geometry": {
        "type": "LineString",
        "coordinates": [
          [
            42.62157440185547,
            -73.55596160888672
          ],
          [
            42.71733093261719,
            -73.52766418457031
          ]
        ]
      },
      "properties": {
        "point_id": 335,
        "inlier": true,
        "score": 0.03616006672382355
      }
    },
    {
      "type": "Feature",
      "geometry": {
        "type": "LineString",
        "coordinates": [
          [
            42.62559509277344,
            -73.55644226074219
          ],
          [
            42.71761703491211,
            -73.52928161621094
          ]
        ]
      },
      "properties": {
        "point_id": 336,
        "inlier": false,
        "score": -0.03782890364527702
      }
    },
    {
      "type": "Feature",
      "geometry": {
        "type": "LineString",
        "coordinates": [
          [
            42.643333435058594,
            -73.53518676757812
          ],
          [
            42.71733093261719,
            -73.52766418457031
          ]
        ]
      },
      "properties": {
        "point_id": 337,
        "inlier": true,
        "score": -0.044075172394514084
      }
    },
    {
      "type": "Feature",
      "geometry": {
        "type": "LineString",
        "coordinates": [
          [
            42.6412353515625,
            -73.55012512207031
          ],
          [
            42.71733093261719,
            -73.52766418457031
          ]
        ]
      },
      "properties": {
        "point_id": 338,
        "inlier": true,
        "score": 0.030335022136569023
      }
    },
    {
      "type": "Feature",
      "geometry": {
        "type": "LineString",
        "coordinates": [
          [
            42.63813018798828,
            -73.54389953613281
          ],
          [
            42.717620849609375,
            -73.529296875
          ]
        ]
      },
      "properties": {
        "point_id": 339,
        "inlier": false,
        "score": -0.048495545983314514
      }
    },
    {
      "type": "Feature",
      "geometry": {
        "type": "LineString",
        "coordinates": [
          [
            42.65793228149414,
            -73.5530014038086
          ],
          [
            42.71552658081055,
            -73.52740478515625
          ]
        ]
      },
      "properties": {
        "point_id": 340,
        "inlier": false,
        "score": 0.057757146656513214
      }
    },
    {
      "type": "Feature",
      "geometry": {
        "type": "LineString",
        "coordinates": [
          [
            42.65496826171875,
            -73.55379486083984
          ],
          [
            42.71886444091797,
            -73.52832794189453
          ]
        ]
      },
      "properties": {
        "point_id": 341,
        "inlier": false,
        "score": -0.04527600109577179
      }
    },
    {
      "type": "Feature",
      "geometry": {
        "type": "LineString",
        "coordinates": [
          [
            42.65882110595703,
            -73.5435791015625
          ],
          [
            42.71552658081055,
            -73.52740478515625
          ]
        ]
      },
      "properties": {
        "point_id": 342,
        "inlier": false,
        "score": 0.023043863475322723
      }
    },
    {
      "type": "Feature",
      "geometry": {
        "type": "LineString",
        "coordinates": [
          [
            42.645179748535156,
            -73.5367431640625
          ],
          [
            42.71733093261719,
            -73.52766418457031
          ]
        ]
      },
      "properties": {
        "point_id": 343,
        "inlier": true,
        "score": -0.036492861807346344
      }
    },
    {
      "type": "Feature",
      "geometry": {
        "type": "LineString",
        "coordinates": [
          [
            42.6592903137207,
            -73.53529357910156
          ],
          [
            42.71552658081055,
            -73.52740478515625
          ]
        ]
      },
      "properties": {
        "point_id": 344,
        "inlier": false,
        "score": 0.1766238659620285
      }
    },
    {
      "type": "Feature",
      "geometry": {
        "type": "LineString",
        "coordinates": [
          [
            42.6619758605957,
            -73.54131317138672
          ],
          [
            42.71733093261719,
            -73.52766418457031
          ]
        ]
      },
      "properties": {
        "point_id": 345,
        "inlier": true,
        "score": -0.04674388840794563
      }
    },
    {
      "type": "Feature",
      "geometry": {
        "type": "LineString",
        "coordinates": [
          [
            42.6619758605957,
            -73.54131317138672
          ],
          [
            42.71733093261719,
            -73.52766418457031
          ]
        ]
      },
      "properties": {
        "point_id": 346,
        "inlier": true,
        "score": -0.030037054792046547
      }
    },
    {
      "type": "Feature",
      "geometry": {
        "type": "LineString",
        "coordinates": [
          [
            42.668888092041016,
            -73.54931640625
          ],
          [
            42.71760940551758,
            -73.529296875
          ]
        ]
      },
      "properties": {
        "point_id": 347,
        "inlier": false,
        "score": 0.020211365073919296
      }
    },
    {
      "type": "Feature",
      "geometry": {
        "type": "LineString",
        "coordinates": [
          [
            42.66964340209961,
            -73.5489730834961
          ],
          [
            42.717647552490234,
            -73.52928924560547
          ]
        ]
      },
      "properties": {
        "point_id": 348,
        "inlier": false,
        "score": 0.03129129484295845
      }
    },
    {
      "type": "Feature",
      "geometry": {
        "type": "LineString",
        "coordinates": [
          [
            42.68623352050781,
            -73.53312683105469
          ],
          [
            42.71733093261719,
            -73.52766418457031
          ]
        ]
      },
      "properties": {
        "point_id": 349,
        "inlier": true,
        "score": 0.07348314672708511
      }
    },
    {
      "type": "Feature",
      "geometry": {
        "type": "LineString",
        "coordinates": [
          [
            42.68623352050781,
            -73.53312683105469
          ],
          [
            42.71733093261719,
            -73.52766418457031
          ]
        ]
      },
      "properties": {
        "point_id": 350,
        "inlier": true,
        "score": 0.11314970999956131
      }
    },
    {
      "type": "Feature",
      "geometry": {
        "type": "LineString",
        "coordinates": [
          [
            42.67509078979492,
            -73.53727722167969
          ],
          [
            42.71552658081055,
            -73.52740478515625
          ]
        ]
      },
      "properties": {
        "point_id": 351,
        "inlier": false,
        "score": -0.041188232600688934
      }
    },
    {
      "type": "Feature",
      "geometry": {
        "type": "LineString",
        "coordinates": [
          [
            42.682796478271484,
            -73.53687286376953
          ],
          [
            42.71886444091797,
            -73.52832794189453
          ]
        ]
      },
      "properties": {
        "point_id": 352,
        "inlier": false,
        "score": 0.025677936151623726
      }
    },
    {
      "type": "Feature",
      "geometry": {
        "type": "LineString",
        "coordinates": [
          [
            42.68140411376953,
            -73.53775787353516
          ],
          [
            42.71733093261719,
            -73.52766418457031
          ]
        ]
      },
      "properties": {
        "point_id": 353,
        "inlier": true,
        "score": -0.04016715660691261
      }
    },
    {
      "type": "Feature",
      "geometry": {
        "type": "LineString",
        "coordinates": [
          [
            42.688682556152344,
            -73.53519439697266
          ],
          [
            42.71552658081055,
            -73.52740478515625
          ]
        ]
      },
      "properties": {
        "point_id": 354,
        "inlier": false,
        "score": 0.09004122763872147
      }
    },
    {
      "type": "Feature",
      "geometry": {
        "type": "LineString",
        "coordinates": [
          [
            42.68797302246094,
            -73.55420684814453
          ],
          [
            42.71651077270508,
            -73.52779388427734
          ]
        ]
      },
      "properties": {
        "point_id": 355,
        "inlier": false,
        "score": 0.039731550961732864
      }
    },
    {
      "type": "Feature",
      "geometry": {
        "type": "LineString",
        "coordinates": [
          [
            42.689579010009766,
            -73.54045867919922
          ],
          [
            42.71733093261719,
            -73.52766418457031
          ]
        ]
      },
      "properties": {
        "point_id": 356,
        "inlier": true,
        "score": 0.05677397921681404
      }
    },
    {
      "type": "Feature",
      "geometry": {
        "type": "LineString",
        "coordinates": [
          [
            42.689579010009766,
            -73.54045867919922
          ],
          [
            42.71733093261719,
            -73.52766418457031
          ]
        ]
      },
      "properties": {
        "point_id": 357,
        "inlier": true,
        "score": -0.04555818438529968
      }
    },
    {
      "type": "Feature",
      "geometry": {
        "type": "LineString",
        "coordinates": [
          [
            42.67534255981445,
            -73.55952453613281
          ],
          [
            42.71552658081055,
            -73.52740478515625
          ]
        ]
      },
      "properties": {
        "point_id": 358,
        "inlier": false,
        "score": -0.012754368595778942
      }
    },
    {
      "type": "Feature",
      "geometry": {
        "type": "LineString",
        "coordinates": [
          [
            42.68110275268555,
            -73.52980041503906
          ],
          [
            42.71552658081055,
            -73.52740478515625
          ]
        ]
      },
      "properties": {
        "point_id": 359,
        "inlier": false,
        "score": 0.040487438440322876
      }
    },
    {
      "type": "Feature",
      "geometry": {
        "type": "LineString",
        "coordinates": [
          [
            42.690677642822266,
            -73.53317260742188
          ],
          [
            42.71733093261719,
            -73.52766418457031
          ]
        ]
      },
      "properties": {
        "point_id": 360,
        "inlier": true,
        "score": -0.10028291493654251
      }
    },
    {
      "type": "Feature",
      "geometry": {
        "type": "LineString",
        "coordinates": [
          [
            42.702911376953125,
            -73.53694915771484
          ],
          [
            42.71760559082031,
            -73.52928924560547
          ]
        ]
      },
      "properties": {
        "point_id": 361,
        "inlier": false,
        "score": 0.099400594830513
      }
    },
    {
      "type": "Feature",
      "geometry": {
        "type": "LineString",
        "coordinates": [
          [
            42.695167541503906,
            -73.5551986694336
          ],
          [
            42.71651077270508,
            -73.52779388427734
          ]
        ]
      },
      "properties": {
        "point_id": 362,
        "inlier": false,
        "score": 0.05139462277293205
      }
    },
    {
      "type": "Feature",
      "geometry": {
        "type": "LineString",
        "coordinates": [
          [
            42.703826904296875,
            -73.55252838134766
          ],
          [
            42.71736145019531,
            -73.5276870727539
          ]
        ]
      },
      "properties": {
        "point_id": 363,
        "inlier": true,
        "score": 0.019046299159526825
      }
    },
    {
      "type": "Feature",
      "geometry": {
        "type": "LineString",
        "coordinates": [
          [
            42.703826904296875,
            -73.55252838134766
          ],
          [
            42.71736145019531,
            -73.5276870727539
          ]
        ]
      },
      "properties": {
        "point_id": 364,
        "inlier": true,
        "score": 0.1046343743801117
      }
    },
    {
      "type": "Feature",
      "geometry": {
        "type": "LineString",
        "coordinates": [
          [
            42.71699142456055,
            -73.53897094726562
          ],
          [
            42.71552658081055,
            -73.52740478515625
          ]
        ]
      },
      "properties": {
        "point_id": 365,
        "inlier": false,
        "score": -0.06908499449491501
      }
    },
    {
      "type": "Feature",
      "geometry": {
        "type": "LineString",
        "coordinates": [
          [
            42.708282470703125,
            -73.53398895263672
          ],
          [
            42.71733093261719,
            -73.52766418457031
          ]
        ]
      },
      "properties": {
        "point_id": 366,
        "inlier": true,
        "score": 0.006758909672498703
      }
    },
    {
      "type": "Feature",
      "geometry": {
        "type": "LineString",
        "coordinates": [
          [
            42.71269607543945,
            -73.53215026855469
          ],
          [
            42.71738052368164,
            -73.52767944335938
          ]
        ]
      },
      "properties": {
        "point_id": 367,
        "inlier": true,
        "score": -0.029123174026608467
      }
    },
    {
      "type": "Feature",
      "geometry": {
        "type": "LineString",
        "coordinates": [
          [
            42.71877670288086,
            -73.53360748291016
          ],
          [
            42.717628479003906,
            -73.52928924560547
          ]
        ]
      },
      "properties": {
        "point_id": 368,
        "inlier": false,
        "score": 0.025884579867124557
      }
    },
    {
      "type": "Feature",
      "geometry": {
        "type": "LineString",
        "coordinates": [
          [
            42.708580017089844,
            -73.53348541259766
          ],
          [
            42.71733093261719,
            -73.52766418457031
          ]
        ]
      },
      "properties": {
        "point_id": 369,
        "inlier": true,
        "score": 3.059785758097178e-11
      }
    },
    {
      "type": "Feature",
      "geometry": {
        "type": "LineString",
        "coordinates": [
          [
            42.70839309692383,
            -73.55643463134766
          ],
          [
            42.767391204833984,
            -73.54984283447266
          ]
        ]
      },
      "properties": {
        "point_id": 370,
        "inlier": false,
        "score": 0.0250641368329525
      }
    },
    {
      "type": "Feature",
      "geometry": {
        "type": "LineString",
        "coordinates": [
          [
            42.72038269042969,
            -73.53319549560547
          ],
          [
            42.763431549072266,
            -73.5311279296875
          ]
        ]
      },
      "properties": {
        "point_id": 371,
        "inlier": false,
        "score": 0.002693179529160261
      }
    },
    {
      "type": "Feature",
      "geometry": {
        "type": "LineString",
        "coordinates": [
          [
            42.738800048828125,
            -73.54989624023438
          ],
          [
            42.80387496948242,
            -73.54975128173828
          ]
        ]
      },
      "properties": {
        "point_id": 372,
        "inlier": false,
        "score": -0.046568021178245544
      }
    },
    {
      "type": "Feature",
      "geometry": {
        "type": "LineString",
        "coordinates": [
          [
            42.75807571411133,
            -73.5399169921875
          ],
          [
            42.77739715576172,
            -73.55703735351562
          ]
        ]
      },
      "properties": {
        "point_id": 373,
        "inlier": false,
        "score": 0.12187665700912476
      }
    },
    {
      "type": "Feature",
      "geometry": {
        "type": "LineString",
        "coordinates": [
          [
            42.75594711303711,
            -73.55360412597656
          ],
          [
            42.782684326171875,
            -73.5455322265625
          ]
        ]
      },
      "properties": {
        "point_id": 374,
        "inlier": false,
        "score": -0.0415535606443882
      }
    },
    {
      "type": "Feature",
      "geometry": {
        "type": "LineString",
        "coordinates": [
          [
            42.77820587158203,
            -73.54750061035156
          ],
          [
            42.77731704711914,
            -73.55704498291016
          ]
        ]
      },
      "properties": {
        "point_id": 375,
        "inlier": false,
        "score": 0.03521467000246048
      }
    },
    {
      "type": "Feature",
      "geometry": {
        "type": "LineString",
        "coordinates": [
          [
            42.79304504394531,
            -73.53881072998047
          ],
          [
            42.77565383911133,
            -73.5282974243164
          ]
        ]
      },
      "properties": {
        "point_id": 376,
        "inlier": false,
        "score": 0.34807151556015015
      }
    },
    {
      "type": "Feature",
      "geometry": {
        "type": "LineString",
        "coordinates": [
          [
            42.79021453857422,
            -73.550048828125
          ],
          [
            42.74851608276367,
            -73.55167388916016
          ]
        ]
      },
      "properties": {
        "point_id": 377,
        "inlier": false,
        "score": -0.09049160033464432
      }
    },
    {
      "type": "Feature",
      "geometry": {
        "type": "LineString",
        "coordinates": [
          [
            42.80144500732422,
            -73.55541229248047
          ],
          [
            42.80611038208008,
            -73.5546646118164
          ]
        ]
      },
      "properties": {
        "point_id": 378,
        "inlier": false,
        "score": -0.21700501441955566
      }
    },
    {
      "type": "Feature",
      "geometry": {
        "type": "LineString",
        "coordinates": [
          [
            42.80611038208008,
            -73.55501556396484
          ],
          [
            42.75965118408203,
            -73.55624389648438
          ]
        ]
      },
      "properties": {
        "point_id": 379,
        "inlier": false,
        "score": 0.019154049456119537
      }
    },
    {
      "type": "Feature",
      "geometry": {
        "type": "LineString",
        "coordinates": [
          [
            42.8161506652832,
            -73.53131103515625
          ],
          [
            42.78730010986328,
            -73.54532623291016
          ]
        ]
      },
      "properties": {
        "point_id": 380,
        "inlier": false,
        "score": 0.21041645109653473
      }
    },
    {
      "type": "Feature",
      "geometry": {
        "type": "LineString",
        "coordinates": [
          [
            42.82123565673828,
            -73.5515365600586
          ],
          [
            42.80548095703125,
            -73.55268096923828
          ]
        ]
      },
      "properties": {
        "point_id": 381,
        "inlier": false,
        "score": 0.028270330280065536
      }
    },
    {
      "type": "Feature",
      "geometry": {
        "type": "LineString",
        "coordinates": [
          [
            42.8173942565918,
            -73.54750061035156
          ],
          [
            42.741981506347656,
            -73.54610443115234
          ]
        ]
      },
      "properties": {
        "point_id": 382,
        "inlier": false,
        "score": 4.5311088214816664e-11
      }
    },
    {
      "type": "Feature",
      "geometry": {
        "type": "LineString",
        "coordinates": [
          [
            42.818416595458984,
            -73.50592041015625
          ],
          [
            42.81995391845703,
            -73.51470184326172
          ]
        ]
      },
      "properties": {
        "point_id": 383,
        "inlier": true,
        "score": 0.10151195526123047
      }
    },
    {
      "type": "Feature",
      "geometry": {
        "type": "LineString",
        "coordinates": [
          [
            42.82568359375,
            -73.51834869384766
          ],
          [
            42.85784149169922,
            -73.52111053466797
          ]
        ]
      },
      "properties": {
        "point_id": 384,
        "inlier": false,
        "score": 0.017795328050851822
      }
    },
    {
      "type": "Feature",
      "geometry": {
        "type": "LineString",
        "coordinates": [
          [
            42.87416076660156,
            -73.51897430419922
          ],
          [
            42.87649154663086,
            -73.52317810058594
          ]
        ]
      },
      "properties": {
        "point_id": 385,
        "inlier": false,
        "score": -0.20706145465373993
      }
    },
    {
      "type": "Feature",
      "geometry": {
        "type": "LineString",
        "coordinates": [
          [
            42.8841438293457,
            -73.5103759765625
          ],
          [
            42.91718292236328,
            -73.5201187133789
          ]
        ]
      },
      "properties": {
        "point_id": 386,
        "inlier": false,
        "score": 0.2858102321624756
      }
    },
    {
      "type": "Feature",
      "geometry": {
        "type": "LineString",
        "coordinates": [
          [
            42.885765075683594,
            -73.499267578125
          ],
          [
            42.84810256958008,
            -73.51419067382812
          ]
        ]
      },
      "properties": {
        "point_id": 387,
        "inlier": false,
        "score": 0.27916792035102844
      }
    },
    {
      "type": "Feature",
      "geometry": {
        "type": "LineString",
        "coordinates": [
          [
            42.911224365234375,
            -73.51248168945312
          ],
          [
            42.81403732299805,
            -73.49717712402344
          ]
        ]
      },
      "properties": {
        "point_id": 388,
        "inlier": false,
        "score": 0.06925003230571747
      }
    },
    {
      "type": "Feature",
      "geometry": {
        "type": "LineString",
        "coordinates": [
          [
            42.911319732666016,
            -73.51058197021484
          ],
          [
            42.87649154663086,
            -73.52317810058594
          ]
        ]
      },
      "properties": {
        "point_id": 389,
        "inlier": false,
        "score": -0.11453233659267426
      }
    },
    {
      "type": "Feature",
      "geometry": {
        "type": "LineString",
        "coordinates": [
          [
            42.914085388183594,
            -73.50333404541016
          ],
          [
            42.89949035644531,
            -73.50218963623047
          ]
        ]
      },
      "properties": {
        "point_id": 390,
        "inlier": false,
        "score": 4.451616852918505e-11
      }
    },
    {
      "type": "Feature",
      "geometry": {
        "type": "LineString",
        "coordinates": [
          [
            42.82128143310547,
            -73.5819091796875
          ],
          [
            42.88113784790039,
            -73.56892395019531
          ]
        ]
      },
      "properties": {
        "point_id": 391,
        "inlier": false,
        "score": -0.13581453263759613
      }
    },
    {
      "type": "Feature",
      "geometry": {
        "type": "LineString",
        "coordinates": [
          [
            42.839115142822266,
            -73.55809020996094
          ],
          [
            42.83505630493164,
            -73.57349395751953
          ]
        ]
      },
      "properties": {
        "point_id": 392,
        "inlier": false,
        "score": 0.21650256216526031
      }
    },
    {
      "type": "Feature",
      "geometry": {
        "type": "LineString",
        "coordinates": [
          [
            42.851585388183594,
            -73.5644760131836
          ],
          [
            42.9210205078125,
            -73.57102966308594
          ]
        ]
      },
      "properties": {
        "point_id": 393,
        "inlier": false,
        "score": 0.11992260068655014
      }
    },
    {
      "type": "Feature",
      "geometry": {
        "type": "LineString",
        "coordinates": [
          [
            42.8442497253418,
            -73.57068634033203
          ],
          [
            42.88481903076172,
            -73.56934356689453
          ]
        ]
      },
      "properties": {
        "point_id": 394,
        "inlier": false,
        "score": 0.11577364057302475
      }
    },
    {
      "type": "Feature",
      "geometry": {
        "type": "LineString",
        "coordinates": [
          [
            42.83884811401367,
            -73.57048034667969
          ],
          [
            42.9137077331543,
            -73.55859375
          ]
        ]
      },
      "properties": {
        "point_id": 395,
        "inlier": false,
        "score": -0.1743069887161255
      }
    },
    {
      "type": "Feature",
      "geometry": {
        "type": "LineString",
        "coordinates": [
          [
            42.86558151245117,
            -73.5852279663086
          ],
          [
            42.876129150390625,
            -73.57428741455078
          ]
        ]
      },
      "properties": {
        "point_id": 396,
        "inlier": false,
        "score": -0.016706839203834534
      }
    },
    {
      "type": "Feature",
      "geometry": {
        "type": "LineString",
        "coordinates": [
          [
            42.87791442871094,
            -73.58182525634766
          ],
          [
            42.82954025268555,
            -73.55779266357422
          ]
        ]
      },
      "properties": {
        "point_id": 397,
        "inlier": false,
        "score": 0.07872940599918365
      }
    },
    {
      "type": "Feature",
      "geometry": {
        "type": "LineString",
        "coordinates": [
          [
            42.87303924560547,
            -73.57359313964844
          ],
          [
            42.87095642089844,
            -73.56594848632812
          ]
        ]
      },
      "properties": {
        "point_id": 398,
        "inlier": false,
        "score": 5.140599057540385e-11
      }
    },
    {
      "type": "Feature",
      "geometry": {
        "type": "LineString",
        "coordinates": [
          [
            42.82128143310547,
            -73.5819091796875
          ],
          [
            42.88113784790039,
            -73.56892395019531
          ]
        ]
      },
      "properties": {
        "point_id": 399,
        "inlier": false,
        "score": -0.080948606133461
      }
    },
    {
      "type": "Feature",
      "geometry": {
        "type": "LineString",
        "coordinates": [
          [
            42.839115142822266,
            -73.55809020996094
          ],
          [
            42.83505630493164,
            -73.57349395751953
          ]
        ]
      },
      "properties": {
        "point_id": 400,
        "inlier": false,
        "score": 0.2543497085571289
      }
    },
    {
      "type": "Feature",
      "geometry": {
        "type": "LineString",
        "coordinates": [
          [
            42.851585388183594,
            -73.5644760131836
          ],
          [
            42.9210205078125,
            -73.57102966308594
          ]
        ]
      },
      "properties": {
        "point_id": 401,
        "inlier": false,
        "score": 0.16243505477905273
      }
    },
    {
      "type": "Feature",
      "geometry": {
        "type": "LineString",
        "coordinates": [
          [
            42.8442497253418,
            -73.57068634033203
          ],
          [
            42.88481903076172,
            -73.56934356689453
          ]
        ]
      },
      "properties": {
        "point_id": 402,
        "inlier": false,
        "score": 0.1584865152835846
      }
    },
    {
      "type": "Feature",
      "geometry": {
        "type": "LineString",
        "coordinates": [
          [
            42.86558151245117,
            -73.5852279663086
          ],
          [
            42.876129150390625,
            -73.57428741455078
          ]
        ]
      },
      "properties": {
        "point_id": 403,
        "inlier": false,
        "score": 0.0324055552482605
      }
    },
    {
      "type": "Feature",
      "geometry": {
        "type": "LineString",
        "coordinates": [
          [
            42.868408203125,
            -73.56342315673828
          ],
          [
            42.89894104003906,
            -73.58305358886719
          ]
        ]
      },
      "properties": {
        "point_id": 404,
        "inlier": false,
        "score": -0.10644334554672241
      }
    },
    {
      "type": "Feature",
      "geometry": {
        "type": "LineString",
        "coordinates": [
          [
            42.87791442871094,
            -73.58182525634766
          ],
          [
            42.82954025268555,
            -73.55779266357422
          ]
        ]
      },
      "properties": {
        "point_id": 405,
        "inlier": false,
        "score": 0.12323171645402908
      }
    },
    {
      "type": "Feature",
      "geometry": {
        "type": "LineString",
        "coordinates": [
          [
            42.87303924560547,
            -73.57359313964844
          ],
          [
            42.87095642089844,
            -73.56594848632812
          ]
        ]
      },
      "properties": {
        "point_id": 406,
        "inlier": false,
        "score": 0.048305362462997437
      }
    },
    {
      "type": "Feature",
      "geometry": {
        "type": "LineString",
        "coordinates": [
          [
            42.8736686706543,
            -73.56410217285156
          ],
          [
            42.914058685302734,
            -73.55741882324219
          ]
        ]
      },
      "properties": {
        "point_id": 407,
        "inlier": false,
        "score": -0.23994728922843933
      }
    },
    {
      "type": "Feature",
      "geometry": {
        "type": "LineString",
        "coordinates": [
          [
            42.892940521240234,
            -73.57999420166016
          ],
          [
            42.91667938232422,
            -73.57955932617188
          ]
        ]
      },
      "properties": {
        "point_id": 408,
        "inlier": false,
        "score": 4.892275473622476e-11
      }
    },
    {
      "type": "Feature",
      "geometry": {
        "type": "LineString",
        "coordinates": [
          [
            42.7049446105957,
            -73.59782409667969
          ],
          [
            42.81356430053711,
            -73.5970458984375
          ]
        ]
      },
      "properties": {
        "point_id": 409,
        "inlier": false,
        "score": 0.025234485045075417
      }
    },
    {
      "type": "Feature",
      "geometry": {
        "type": "LineString",
        "coordinates": [
          [
            42.70836639404297,
            -73.59334564208984
          ],
          [
            42.82041931152344,
            -73.6009521484375
          ]
        ]
      },
      "properties": {
        "point_id": 410,
        "inlier": false,
        "score": 0.27304959297180176
      }
    },
    {
      "type": "Feature",
      "geometry": {
        "type": "LineString",
        "coordinates": [
          [
            42.70624923706055,
            -73.61406707763672
          ],
          [
            42.820457458496094,
            -73.60095977783203
          ]
        ]
      },
      "properties": {
        "point_id": 411,
        "inlier": false,
        "score": 0.23915386199951172
      }
    },
    {
      "type": "Feature",
      "geometry": {
        "type": "LineString",
        "coordinates": [
          [
            42.70624923706055,
            -73.61406707763672
          ],
          [
            42.820457458496094,
            -73.60095977783203
          ]
        ]
      },
      "properties": {
        "point_id": 412,
        "inlier": false,
        "score": 0.16462615132331848
      }
    },
    {
      "type": "Feature",
      "geometry": {
        "type": "LineString",
        "coordinates": [
          [
            42.71800231933594,
            -73.611572265625
          ],
          [
            42.819679260253906,
            -73.59037780761719
          ]
        ]
      },
      "properties": {
        "point_id": 413,
        "inlier": false,
        "score": -0.011294416151940823
      }
    },
    {
      "type": "Feature",
      "geometry": {
        "type": "LineString",
        "coordinates": [
          [
            42.72962188720703,
            -73.60758972167969
          ],
          [
            42.80897521972656,
            -73.58721160888672
          ]
        ]
      },
      "properties": {
        "point_id": 414,
        "inlier": false,
        "score": 0.2939290702342987
      }
    },
    {
      "type": "Feature",
      "geometry": {
        "type": "LineString",
        "coordinates": [
          [
            42.740806579589844,
            -73.58843994140625
          ],
          [
            42.815086364746094,
            -73.59464263916016
          ]
        ]
      },
      "properties": {
        "point_id": 415,
        "inlier": false,
        "score": 0.1806049793958664
      }
    },
    {
      "type": "Feature",
      "geometry": {
        "type": "LineString",
        "coordinates": [
          [
            42.74421310424805,
            -73.61328125
          ],
          [
            42.82048416137695,
            -73.59037017822266
          ]
        ]
      },
      "properties": {
        "point_id": 416,
        "inlier": false,
        "score": 0.1366269588470459
      }
    },
    {
      "type": "Feature",
      "geometry": {
        "type": "LineString",
        "coordinates": [
          [
            42.75170135498047,
            -73.60140228271484
          ],
          [
            42.82067108154297,
            -73.59477233886719
          ]
        ]
      },
      "properties": {
        "point_id": 417,
        "inlier": false,
        "score": -0.032355692237615585
      }
    },
    {
      "type": "Feature",
      "geometry": {
        "type": "LineString",
        "coordinates": [
          [
            42.76190185546875,
            -73.58748626708984
          ],
          [
            42.81903076171875,
            -73.60039520263672
          ]
        ]
      },
      "properties": {
        "point_id": 418,
        "inlier": false,
        "score": -0.07949056476354599
      }
    },
    {
      "type": "Feature",
      "geometry": {
        "type": "LineString",
        "coordinates": [
          [
            42.77000045776367,
            -73.61146545410156
          ],
          [
            42.815895080566406,
            -73.59707641601562
          ]
        ]
      },
      "properties": {
        "point_id": 419,
        "inlier": false,
        "score": 0.19056138396263123
      }
    },
    {
      "type": "Feature",
      "geometry": {
        "type": "LineString",
        "coordinates": [
          [
            42.7643928527832,
            -73.58784484863281
          ],
          [
            42.80398178100586,
            -73.58636474609375
          ]
        ]
      },
      "properties": {
        "point_id": 420,
        "inlier": false,
        "score": -0.01878463849425316
      }
    },
    {
      "type": "Feature",
      "geometry": {
        "type": "LineString",
        "coordinates": [
          [
            42.80556106567383,
            -73.61669158935547
          ],
          [
            42.81356430053711,
            -73.5970458984375
          ]
        ]
      },
      "properties": {
        "point_id": 421,
        "inlier": false,
        "score": -0.0072926608845591545
      }
    },
    {
      "type": "Feature",
      "geometry": {
        "type": "LineString",
        "coordinates": [
          [
            42.81303787231445,
            -73.61356353759766
          ],
          [
            42.82106018066406,
            -73.60427856445312
          ]
        ]
      },
      "properties": {
        "point_id": 422,
        "inlier": false,
        "score": 0.46309858560562134
      }
    },
    {
      "type": "Feature",
      "geometry": {
        "type": "LineString",
        "coordinates": [
          [
            42.819976806640625,
            -73.61478424072266
          ],
          [
            42.818870544433594,
            -73.5971450805664
          ]
        ]
      },
      "properties": {
        "point_id": 423,
        "inlier": false,
        "score": 3.915134882959137e-11
      }
    },
    {
      "type": "Feature",
      "geometry": {
        "type": "LineString",
        "coordinates": [
          [
            42.81303787231445,
            -73.61356353759766
          ],
          [
            42.82106018066406,
            -73.60427856445312
          ]
        ]
      },
      "properties": {
        "point_id": 424,
        "inlier": false,
        "score": 0.3933803141117096
      }
    },
    {
      "type": "Feature",
      "geometry": {
        "type": "LineString",
        "coordinates": [
          [
            42.84739685058594,
            -73.60794830322266
          ],
          [
            42.84532165527344,
            -73.59671020507812
          ]
        ]
      },
      "properties": {
        "point_id": 425,
        "inlier": false,
        "score": 0.21422985196113586
      }
    },
    {
      "type": "Feature",
      "geometry": {
        "type": "LineString",
        "coordinates": [
          [
            42.84939193725586,
            -73.58822631835938
          ],
          [
            42.90964126586914,
            -73.6024398803711
          ]
        ]
      },
      "properties": {
        "point_id": 426,
        "inlier": false,
        "score": 0.13120833039283752
      }
    },
    {
      "type": "Feature",
      "geometry": {
        "type": "LineString",
        "coordinates": [
          [
            42.85193634033203,
            -73.6063461303711
          ],
          [
            42.90895462036133,
            -73.60958099365234
          ]
        ]
      },
      "properties": {
        "point_id": 427,
        "inlier": false,
        "score": 0.03821174427866936
      }
    },
    {
      "type": "Feature",
      "geometry": {
        "type": "LineString",
        "coordinates": [
          [
            42.855777740478516,
            -73.60572052001953
          ],
          [
            42.82963562011719,
            -73.5869369506836
          ]
        ]
      },
      "properties": {
        "point_id": 428,
        "inlier": false,
        "score": -0.08720623701810837
      }
    },
    {
      "type": "Feature",
      "geometry": {
        "type": "LineString",
        "coordinates": [
          [
            42.86373519897461,
            -73.60443115234375
          ],
          [
            42.92204284667969,
            -73.60682678222656
          ]
        ]
      },
      "properties": {
        "point_id": 429,
        "inlier": false,
        "score": 0.234065979719162
      }
    },
    {
      "type": "Feature",
      "geometry": {
        "type": "LineString",
        "coordinates": [
          [
            42.85721969604492,
            -73.59881591796875
          ],
          [
            42.845298767089844,
            -73.5967025756836
          ]
        ]
      },
      "properties": {
        "point_id": 430,
        "inlier": false,
        "score": 0.2529744803905487
      }
    },
    {
      "type": "Feature",
      "geometry": {
        "type": "LineString",
        "coordinates": [
          [
            42.85721969604492,
            -73.59881591796875
          ],
          [
            42.845298767089844,
            -73.5967025756836
          ]
        ]
      },
      "properties": {
        "point_id": 431,
        "inlier": false,
        "score": 0.20407307147979736
      }
    },
    {
      "type": "Feature",
      "geometry": {
        "type": "LineString",
        "coordinates": [
          [
            42.86186218261719,
            -73.61700439453125
          ],
          [
            42.928096771240234,
            -73.59378814697266
          ]
        ]
      },
      "properties": {
        "point_id": 432,
        "inlier": false,
        "score": -0.020262377336621284
      }
    },
    {
      "type": "Feature",
      "geometry": {
        "type": "LineString",
        "coordinates": [
          [
            42.8756103515625,
            -73.59368133544922
          ],
          [
            42.86887741088867,
            -73.6151351928711
          ]
        ]
      },
      "properties": {
        "point_id": 433,
        "inlier": false,
        "score": 0.14336559176445007
      }
    },
    {
      "type": "Feature",
      "geometry": {
        "type": "LineString",
        "coordinates": [
          [
            42.88591766357422,
            -73.6063232421875
          ],
          [
            42.822574615478516,
            -73.60499572753906
          ]
        ]
      },
      "properties": {
        "point_id": 434,
        "inlier": false,
        "score": 0.09201327711343765
      }
    },
    {
      "type": "Feature",
      "geometry": {
        "type": "LineString",
        "coordinates": [
          [
            42.885475158691406,
            -73.60940551757812
          ],
          [
            42.83913803100586,
            -73.61552429199219
          ]
        ]
      },
      "properties": {
        "point_id": 435,
        "inlier": false,
        "score": 4.423528210395489e-11
      }
    },
    {
      "type": "Feature",
      "geometry": {
        "type": "LineString",
        "coordinates": [
          [
            42.81303787231445,
            -73.61356353759766
          ],
          [
            42.82106018066406,
            -73.60427856445312
          ]
        ]
      },
      "properties": {
        "point_id": 436,
        "inlier": false,
        "score": 0.3896244466304779
      }
    },
    {
      "type": "Feature",
      "geometry": {
        "type": "LineString",
        "coordinates": [
          [
            42.84939193725586,
            -73.58822631835938
          ],
          [
            42.90964126586914,
            -73.6024398803711
          ]
        ]
      },
      "properties": {
        "point_id": 437,
        "inlier": false,
        "score": 0.12582924962043762
      }
    },
    {
      "type": "Feature",
      "geometry": {
        "type": "LineString",
        "coordinates": [
          [
            42.85193634033203,
            -73.6063461303711
          ],
          [
            42.90895462036133,
            -73.60958099365234
          ]
        ]
      },
      "properties": {
        "point_id": 438,
        "inlier": false,
        "score": 0.03225688263773918
      }
    },
    {
      "type": "Feature",
      "geometry": {
        "type": "LineString",
        "coordinates": [
          [
            42.84739685058594,
            -73.60794830322266
          ],
          [
            42.84532165527344,
            -73.59671020507812
          ]
        ]
      },
      "properties": {
        "point_id": 439,
        "inlier": false,
        "score": 0.20936478674411774
      }
    },
    {
      "type": "Feature",
      "geometry": {
        "type": "LineString",
        "coordinates": [
          [
            42.86564254760742,
            -73.61211395263672
          ],
          [
            42.844242095947266,
            -73.5889663696289
          ]
        ]
      },
      "properties": {
        "point_id": 440,
        "inlier": false,
        "score": -0.1459864377975464
      }
    },
    {
      "type": "Feature",
      "geometry": {
        "type": "LineString",
        "coordinates": [
          [
            42.85721969604492,
            -73.59881591796875
          ],
          [
            42.845298767089844,
            -73.5967025756836
          ]
        ]
      },
      "properties": {
        "point_id": 441,
        "inlier": false,
        "score": 0.24834930896759033
      }
    },
    {
      "type": "Feature",
      "geometry": {
        "type": "LineString",
        "coordinates": [
          [
            42.85721969604492,
            -73.59881591796875
          ],
          [
            42.845298767089844,
            -73.5967025756836
          ]
        ]
      },
      "properties": {
        "point_id": 442,
        "inlier": false,
        "score": 0.1991451382637024
      }
    },
    {
      "type": "Feature",
      "geometry": {
        "type": "LineString",
        "coordinates": [
          [
            42.86470031738281,
            -73.60070037841797
          ],
          [
            42.845359802246094,
            -73.5967025756836
          ]
        ]
      },
      "properties": {
        "point_id": 443,
        "inlier": false,
        "score": 0.26663896441459656
      }
    },
    {
      "type": "Feature",
      "geometry": {
        "type": "LineString",
        "coordinates": [
          [
            42.86373519897461,
            -73.60443115234375
          ],
          [
            42.92204284667969,
            -73.60682678222656
          ]
        ]
      },
      "properties": {
        "point_id": 444,
        "inlier": false,
        "score": 0.22932372987270355
      }
    },
    {
      "type": "Feature",
      "geometry": {
        "type": "LineString",
        "coordinates": [
          [
            42.8841552734375,
            -73.61302947998047
          ],
          [
            42.8320198059082,
            -73.61224365234375
          ]
        ]
      },
      "properties": {
        "point_id": 445,
        "inlier": false,
        "score": -0.15946875512599945
      }
    },
    {
      "type": "Feature",
      "geometry": {
        "type": "LineString",
        "coordinates": [
          [
            42.88450622558594,
            -73.61176300048828
          ],
          [
            42.8320198059082,
            -73.61224365234375
          ]
        ]
      },
      "properties": {
        "point_id": 446,
        "inlier": false,
        "score": 4.4509174124129913e-11
      }
    },
    {
      "type": "Feature",
      "geometry": {
        "type": "LineString",
        "coordinates": [
          [
            42.715126037597656,
            -73.56169891357422
          ],
          [
            42.81678771972656,
            -73.58377838134766
          ]
        ]
      },
      "properties": {
        "point_id": 447,
        "inlier": false,
        "score": 0.16153354942798615
      }
    },
    {
      "type": "Feature",
      "geometry": {
        "type": "LineString",
        "coordinates": [
          [
            42.71139144897461,
            -73.57420349121094
          ],
          [
            42.79013442993164,
            -73.58138275146484
          ]
        ]
      },
      "properties": {
        "point_id": 448,
        "inlier": false,
        "score": 0.042181603610515594
      }
    },
    {
      "type": "Feature",
      "geometry": {
        "type": "LineString",
        "coordinates": [
          [
            42.732601165771484,
            -73.58529663085938
          ],
          [
            42.80898666381836,
            -73.58722686767578
          ]
        ]
      },
      "properties": {
        "point_id": 449,
        "inlier": false,
        "score": 0.26361748576164246
      }
    },
    {
      "type": "Feature",
      "geometry": {
        "type": "LineString",
        "coordinates": [
          [
            42.748390197753906,
            -73.57678985595703
          ],
          [
            42.75965118408203,
            -73.55624389648438
          ]
        ]
      },
      "properties": {
        "point_id": 450,
        "inlier": false,
        "score": 0.07906373590230942
      }
    },
    {
      "type": "Feature",
      "geometry": {
        "type": "LineString",
        "coordinates": [
          [
            42.738494873046875,
            -73.5706558227539
          ],
          [
            42.77739715576172,
            -73.55703735351562
          ]
        ]
      },
      "properties": {
        "point_id": 451,
        "inlier": false,
        "score": 0.2723226845264435
      }
    },
    {
      "type": "Feature",
      "geometry": {
        "type": "LineString",
        "coordinates": [
          [
            42.742591857910156,
            -73.5831298828125
          ],
          [
            42.77739715576172,
            -73.55703735351562
          ]
        ]
      },
      "properties": {
        "point_id": 452,
        "inlier": false,
        "score": 0.3471858501434326
      }
    },
    {
      "type": "Feature",
      "geometry": {
        "type": "LineString",
        "coordinates": [
          [
            42.735191345214844,
            -73.56788635253906
          ],
          [
            42.79051208496094,
            -73.58134460449219
          ]
        ]
      },
      "properties": {
        "point_id": 453,
        "inlier": false,
        "score": 0.06939656287431717
      }
    },
    {
      "type": "Feature",
      "geometry": {
        "type": "LineString",
        "coordinates": [
          [
            42.744510650634766,
            -73.56600952148438
          ],
          [
            42.79010772705078,
            -73.58137512207031
          ]
        ]
      },
      "properties": {
        "point_id": 454,
        "inlier": false,
        "score": 0.04510790482163429
      }
    },
    {
      "type": "Feature",
      "geometry": {
        "type": "LineString",
        "coordinates": [
          [
            42.778465270996094,
            -73.55776977539062
          ],
          [
            42.78444290161133,
            -73.55723571777344
          ]
        ]
      },
      "properties": {
        "point_id": 455,
        "inlier": false,
        "score": -0.038028694689273834
      }
    },
    {
      "type": "Feature",
      "geometry": {
        "type": "LineString",
        "coordinates": [
          [
            42.7643928527832,
            -73.58784484863281
          ],
          [
            42.80398178100586,
            -73.58636474609375
          ]
        ]
      },
      "properties": {
        "point_id": 456,
        "inlier": false,
        "score": 3.8429481818980094e-11
      }
    },
    {
      "type": "Feature",
      "geometry": {
        "type": "LineString",
        "coordinates": [
          [
            42.7049446105957,
            -73.59782409667969
          ],
          [
            42.81356430053711,
            -73.5970458984375
          ]
        ]
      },
      "properties": {
        "point_id": 457,
        "inlier": false,
        "score": -0.8155391216278076
      }
    },
    {
      "type": "Feature",
      "geometry": {
        "type": "LineString",
        "coordinates": [
          [
            42.706398010253906,
            -73.60928344726562
          ],
          [
            42.815895080566406,
            -73.59707641601562
          ]
        ]
      },
      "properties": {
        "point_id": 458,
        "inlier": false,
        "score": -0.7423661351203918
      }
    },
    {
      "type": "Feature",
      "geometry": {
        "type": "LineString",
        "coordinates": [
          [
            42.70836639404297,
            -73.59334564208984
          ],
          [
            42.82041931152344,
            -73.6009521484375
          ]
        ]
      },
      "properties": {
        "point_id": 459,
        "inlier": false,
        "score": -0.35397374629974365
      }
    },
    {
      "type": "Feature",
      "geometry": {
        "type": "LineString",
        "coordinates": [
          [
            42.70624923706055,
            -73.61406707763672
          ],
          [
            42.820457458496094,
            -73.60095977783203
          ]
        ]
      },
      "properties": {
        "point_id": 460,
        "inlier": false,
        "score": -0.41710588335990906
      }
    },
    {
      "type": "Feature",
      "geometry": {
        "type": "LineString",
        "coordinates": [
          [
            42.70624923706055,
            -73.61406707763672
          ],
          [
            42.820457458496094,
            -73.60095977783203
          ]
        ]
      },
      "properties": {
        "point_id": 461,
        "inlier": false,
        "score": -0.5559166669845581
      }
    },
    {
      "type": "Feature",
      "geometry": {
        "type": "LineString",
        "coordinates": [
          [
            42.71800231933594,
            -73.611572265625
          ],
          [
            42.819679260253906,
            -73.59037780761719
          ]
        ]
      },
      "properties": {
        "point_id": 462,
        "inlier": false,
        "score": -0.8835756182670593
      }
    },
    {
      "type": "Feature",
      "geometry": {
        "type": "LineString",
        "coordinates": [
          [
            42.74421310424805,
            -73.61328125
          ],
          [
            42.82048416137695,
            -73.59037017822266
          ]
        ]
      },
      "properties": {
        "point_id": 463,
        "inlier": false,
        "score": -0.6080662608146667
      }
    },
    {
      "type": "Feature",
      "geometry": {
        "type": "LineString",
        "coordinates": [
          [
            42.75170135498047,
            -73.60140228271484
          ],
          [
            42.82067108154297,
            -73.59477233886719
          ]
        ]
      },
      "properties": {
        "point_id": 464,
        "inlier": false,
        "score": -0.9228031039237976
      }
    },
    {
      "type": "Feature",
      "geometry": {
        "type": "LineString",
        "coordinates": [
          [
            42.7508544921875,
            -73.62166595458984
          ],
          [
            42.82067108154297,
            -73.59477233886719
          ]
        ]
      },
      "properties": {
        "point_id": 465,
        "inlier": false,
        "score": -0.6487696170806885
      }
    },
    {
      "type": "Feature",
      "geometry": {
        "type": "LineString",
        "coordinates": [
          [
            42.773468017578125,
            -73.62116241455078
          ],
          [
            42.81360626220703,
            -73.59705352783203
          ]
        ]
      },
      "properties": {
        "point_id": 466,
        "inlier": false,
        "score": -0.9169590473175049
      }
    },
    {
      "type": "Feature",
      "geometry": {
        "type": "LineString",
        "coordinates": [
          [
            42.77000045776367,
            -73.61146545410156
          ],
          [
            42.815895080566406,
            -73.59707641601562
          ]
        ]
      },
      "properties": {
        "point_id": 467,
        "inlier": false,
        "score": -0.43892648816108704
      }
    },
    {
      "type": "Feature",
      "geometry": {
        "type": "LineString",
        "coordinates": [
          [
            42.77000045776367,
            -73.61146545410156
          ],
          [
            42.815895080566406,
            -73.59707641601562
          ]
        ]
      },
      "properties": {
        "point_id": 468,
        "inlier": false,
        "score": -0.5076112747192383
      }
    },
    {
      "type": "Feature",
      "geometry": {
        "type": "LineString",
        "coordinates": [
          [
            42.80556106567383,
            -73.61669158935547
          ],
          [
            42.81356430053711,
            -73.5970458984375
          ]
        ]
      },
      "properties": {
        "point_id": 469,
        "inlier": false,
        "score": -0.876122236251831
      }
    },
    {
      "type": "Feature",
      "geometry": {
        "type": "LineString",
        "coordinates": [
          [
            42.81303787231445,
            -73.61356353759766
          ],
          [
            42.82106018066406,
            -73.60427856445312
          ]
        ]
      },
      "properties": {
        "point_id": 470,
        "inlier": false,
        "score": 7.29208915473123e-11
      }
    },
    {
      "type": "Feature",
      "geometry": {
        "type": "LineString",
        "coordinates": [
          [
            42.81303787231445,
            -73.61356353759766
          ],
          [
            42.82106018066406,
            -73.60427856445312
          ]
        ]
      },
      "properties": {
        "point_id": 471,
        "inlier": false,
        "score": 0.3933803141117096
      }
    },
    {
      "type": "Feature",
      "geometry": {
        "type": "LineString",
        "coordinates": [
          [
            42.84739685058594,
            -73.60794830322266
          ],
          [
            42.84532165527344,
            -73.59671020507812
          ]
        ]
      },
      "properties": {
        "point_id": 472,
        "inlier": false,
        "score": 0.21422985196113586
      }
    },
    {
      "type": "Feature",
      "geometry": {
        "type": "LineString",
        "coordinates": [
          [
            42.85193634033203,
            -73.6063461303711
          ],
          [
            42.90895462036133,
            -73.60958099365234
          ]
        ]
      },
      "properties": {
        "point_id": 473,
        "inlier": false,
        "score": 0.03821174427866936
      }
    },
    {
      "type": "Feature",
      "geometry": {
        "type": "LineString",
        "coordinates": [
          [
            42.86373519897461,
            -73.60443115234375
          ],
          [
            42.92204284667969,
            -73.60682678222656
          ]
        ]
      },
      "properties": {
        "point_id": 474,
        "inlier": false,
        "score": 0.234065979719162
      }
    },
    {
      "type": "Feature",
      "geometry": {
        "type": "LineString",
        "coordinates": [
          [
            42.8679313659668,
            -73.61843872070312
          ],
          [
            42.89542007446289,
            -73.60404968261719
          ]
        ]
      },
      "properties": {
        "point_id": 475,
        "inlier": false,
        "score": -0.06251148879528046
      }
    },
    {
      "type": "Feature",
      "geometry": {
        "type": "LineString",
        "coordinates": [
          [
            42.86186218261719,
            -73.61700439453125
          ],
          [
            42.928096771240234,
            -73.59378814697266
          ]
        ]
      },
      "properties": {
        "point_id": 476,
        "inlier": false,
        "score": -0.020262377336621284
      }
    },
    {
      "type": "Feature",
      "geometry": {
        "type": "LineString",
        "coordinates": [
          [
            42.8756103515625,
            -73.59368133544922
          ],
          [
            42.86887741088867,
            -73.6151351928711
          ]
        ]
      },
      "properties": {
        "point_id": 477,
        "inlier": false,
        "score": 0.14336559176445007
      }
    },
    {
      "type": "Feature",
      "geometry": {
        "type": "LineString",
        "coordinates": [
          [
            42.88591766357422,
            -73.6063232421875
          ],
          [
            42.82254409790039,
            -73.60497283935547
          ]
        ]
      },
      "properties": {
        "point_id": 478,
        "inlier": false,
        "score": 0.07811187952756882
      }
    },
    {
      "type": "Feature",
      "geometry": {
        "type": "LineString",
        "coordinates": [
          [
            42.885475158691406,
            -73.60940551757812
          ],
          [
            42.83913803100586,
            -73.61552429199219
          ]
        ]
      },
      "properties": {
        "point_id": 479,
        "inlier": false,
        "score": 4.423528210395489e-11
      }
    }
  ]
}